hole_cards,preflop_action,position,sample_hand_strength,position_processed,preflop_action_processed
"('6s', '6h')",R,BTN,0.09,3,1.0
"('Qc', 'Ah')",F,BTN,0.07,3,0.0
"('7c', 'Ac')",X,BTN,0.12,3,0.0
"('Kh', 'Ts')",F,BTN,0.175,3,0.0
"('As', '6h')",F,BTN,0.255,3,0.0
"('Qc', 'Kh')",F,BTN,0.115,3,0.0
"('Qd', 'Th')",F,BTN,0.235,3,0.0
"('Ac', '7d')",R,BTN,0.2,3,1.0
"('Ks', 'Tc')",R,BTN,0.175,3,1.0
"('Kd', 'Ks')",B,BTN,0.01,3,0.0
"('Qs', 'Ts')",X,BTN,0.15,3,0.0
"('Th', 'Ks')",R,BTN,0.175,3,1.0
"('Td', 'Ks')",F,BTN,0.175,3,0.0
"('As', 'Js')",R,BTN,0.055,3,1.0
"('Qs', 'Th')",F,BTN,0.235,3,0.0
"('Jc', 'Kc')",R,BTN,0.085,3,1.0
"('Jh', 'Kh')",F,BTN,0.085,3,0.0
"('Qd', 'Qs')",C,BTN,0.015,3,0.0
"('Ah', '9s')",R,BTN,0.145,3,1.0
"('Jd', 'As')",F,BTN,0.08,3,0.0
"('Ts', 'Qs')",R,BTN,0.15,3,1.0
"('Jd', 'Ks')",F,BTN,0.14,3,0.0
"('Ks', 'Ad')",X,BTN,0.05,3,0.0
"('Ks', 'Ad')",F,BTN,0.05,3,0.0
"('Ts', 'Ac')",B,BTN,0.105,3,0.0
"('6c', 'Ac')",F,BTN,0.155,3,0.0
"('Ah', 'Ks')",R,BTN,0.05,3,1.0
"('9s', 'Kc')",R,BTN,0.225,3,1.0
"('Ah', 'As')",X,BTN,0.005,3,0.0
"('Kh', 'Qs')",R,BTN,0.115,3,1.0
"('Kd', 'As')",B,BTN,0.05,3,0.0
"('Qs', 'Ks')",X,BTN,0.07,3,0.0
"('6d', 'As')",F,BTN,0.255,3,0.0
"('Kd', 'Jc')",F,BTN,0.14,3,0.0
"('Ad', 'Kc')",B,BTN,0.05,3,0.0
"('As', '9s')",R,BTN,0.085,3,1.0
"('Jc', 'Ad')",F,BTN,0.08,3,0.0
"('Kc', '5c')",F,BTN,0.265,3,0.0
"('7h', 'As')",F,BTN,0.2,3,0.0
"('Kh', 'Td')",F,BTN,0.175,3,0.0
"('9d', 'Ks')",F,BTN,0.225,3,0.0
"('Ts', 'Js')",B,BTN,0.21,3,0.0
"('Kh', 'Qc')",R,BTN,0.115,3,1.0
"('Jd', 'Td')",B,BTN,0.21,3,0.0
"('Ac', 'Js')",F,BTN,0.08,3,0.0
"('Kd', '7d')",F,BTN,0.21,3,0.0
"('Ah', 'Qh')",R,BTN,0.04,3,1.0
"('5h', 'As')",F,BTN,0.25,3,0.0
"('Ks', '9d')",F,BTN,0.225,3,0.0
"('Th', 'Kc')",F,BTN,0.175,3,0.0
"('Jd', 'Td')",X,BTN,0.21,3,0.0
"('9h', 'Ah')",F,BTN,0.085,3,0.0
"('Ac', '9d')",B,BTN,0.145,3,0.0
"('Kh', 'Th')",F,BTN,0.1,3,0.0
"('Ad', '3d')",F,BTN,0.205,3,0.0
"('9h', '9d')",F,BTN,0.03,3,0.0
"('Qc', '8c')",F,BTN,0.265,3,0.0
"('Ac', 'Jc')",F,BTN,0.055,3,0.0
"('Ks', 'Js')",X,BTN,0.085,3,0.0
"('Ad', '8s')",R,BTN,0.165,3,1.0
"('7s', 'Ks')",R,BTN,0.21,3,1.0
"('8s', 'Qs')",F,BTN,0.265,3,0.0
"('Kc', 'Kd')",X,BTN,0.01,3,0.0
"('6h', 'Kh')",F,BTN,0.24,3,0.0
"('6c', 'Ac')",R,BTN,0.155,3,1.0
"('2c', 'Ac')",R,BTN,0.215,3,1.0
"('Ts', 'Kc')",F,BTN,0.175,3,0.0
"('Qc', 'Ac')",R,BTN,0.04,3,1.0
"('Ad', 'Ac')",R,BTN,0.005,3,1.0
"('8d', 'Ah')",F,BTN,0.165,3,0.0
"('6d', 'Ac')",R,BTN,0.255,3,1.0
"('Qd', 'Jd')",B,BTN,0.12,3,0.0
"('Ad', 'Js')",R,BTN,0.08,3,1.0
"('Kh', '7h')",R,BTN,0.21,3,1.0
"('Kc', 'Qh')",B,BTN,0.115,3,0.0
"('Ac', '9c')",F,BTN,0.085,3,0.0
"('As', 'Ad')",B,BTN,0.005,3,0.0
"('Ac', '8s')",F,BTN,0.165,3,0.0
"('Qh', 'Jh')",F,BTN,0.12,3,0.0
"('Kh', 'Th')",F,BTN,0.1,3,0.0
"('Ac', 'Qh')",R,BTN,0.07,3,1.0
"('Qs', 'Th')",R,BTN,0.235,3,1.0
"('7h', 'Ac')",F,BTN,0.2,3,0.0
"('6h', 'Ah')",C,BTN,0.155,3,0.0
"('Qs', 'As')",R,BTN,0.04,3,1.0
"('Kd', 'Qd')",F,BTN,0.07,3,0.0
"('4s', '4h')",X,BTN,0.23,3,0.0
"('2s', 'As')",R,BTN,0.215,3,1.0
"('Th', 'Ac')",F,BTN,0.105,3,0.0
"('Kc', '9s')",F,BTN,0.225,3,0.0
"('Ac', '6c')",F,BTN,0.155,3,0.0
"('Kh', '7h')",F,BTN,0.21,3,0.0
"('Kh', 'Ad')",R,BTN,0.05,3,1.0
"('Ah', '9d')",F,BTN,0.145,3,0.0
"('Qh', 'Ad')",R,BTN,0.07,3,1.0
"('As', 'Jc')",R,BTN,0.08,3,1.0
"('Kh', 'Tc')",F,BTN,0.175,3,0.0
"('Ts', 'Ah')",R,BTN,0.105,3,1.0
"('Qh', 'Jd')",R,BTN,0.195,3,1.0
"('Ts', 'Qc')",R,BTN,0.235,3,1.0
"('Kd', 'As')",X,BTN,0.05,3,0.0
"('Ah', 'Jh')",R,BTN,0.055,3,1.0
"('Ks', 'Kd')",R,BTN,0.01,3,1.0
"('Ah', '4h')",X,BTN,0.17,3,0.0
"('Th', 'Tc')",B,BTN,0.025,3,0.0
"('Tc', 'Qh')",F,BTN,0.235,3,0.0
"('Ad', '5c')",F,BTN,0.25,3,0.0
"('Ts', 'Qh')",R,BTN,0.235,3,1.0
"('Tc', 'As')",X,BTN,0.105,3,0.0
"('Kd', 'Jd')",B,BTN,0.085,3,0.0
"('Ks', 'Kc')",R,BTN,0.01,3,1.0
"('Ts', 'Ac')",C,BTN,0.105,3,0.0
"('Kd', '9s')",R,BTN,0.225,3,1.0
"('Ac', '9c')",F,BTN,0.085,3,0.0
"('8c', '8s')",C,BTN,0.035,3,0.0
"('Tc', 'Th')",X,BTN,0.025,3,0.0
"('Kd', '9s')",F,BTN,0.225,3,0.0
"('Kd', 'Ac')",B,BTN,0.05,3,0.0
"('Qs', 'Th')",F,BTN,0.235,3,0.0
"('As', 'Kc')",X,BTN,0.05,3,0.0
"('9h', 'Kh')",R,BTN,0.145,3,1.0
"('5c', 'Kc')",F,BTN,0.265,3,0.0
"('As', '7d')",R,BTN,0.2,3,1.0
"('Ad', '6h')",F,BTN,0.255,3,0.0
"('Js', 'Qs')",R,BTN,0.12,3,1.0
"('8s', 'As')",F,BTN,0.105,3,0.0
"('7c', 'As')",R,BTN,0.2,3,1.0
"('2c', 'Ac')",F,BTN,0.215,3,0.0
"('Qs', 'Jd')",F,BTN,0.195,3,0.0
"('6d', 'Ah')",F,BTN,0.255,3,0.0
"('4h', '4s')",B,BTN,0.23,3,0.0
"('Ac', '9s')",B,BTN,0.145,3,0.0
"('Kd', 'Qs')",F,BTN,0.115,3,0.0
"('6c', 'Kc')",X,BTN,0.24,3,0.0
"('5h', '5d')",F,BTN,0.145,3,0.0
"('Ks', 'Kc')",R,BTN,0.01,3,1.0
"('6h', 'Ad')",F,BTN,0.255,3,0.0
"('Th', 'Tc')",R,BTN,0.025,3,1.0
"('Ah', 'Ts')",X,BTN,0.105,3,0.0
"('Tc', 'Kh')",F,BTN,0.175,3,0.0
"('6d', '6h')",F,BTN,0.09,3,0.0
"('Kc', '7c')",F,BTN,0.21,3,0.0
"('Ks', 'Jc')",F,BTN,0.14,3,0.0
"('6h', 'Ah')",B,BTN,0.155,3,0.0
"('Qc', 'Ks')",X,BTN,0.115,3,0.0
"('5d', '5h')",R,BTN,0.145,3,1.0
"('Qh', '9h')",R,BTN,0.185,3,1.0
"('4s', '4d')",F,BTN,0.23,3,0.0
"('Ac', 'Ad')",R,BTN,0.005,3,1.0
"('6h', '6s')",F,BTN,0.09,3,0.0
"('Ts', 'Js')",B,BTN,0.21,3,0.0
"('Th', 'Kd')",F,BTN,0.175,3,0.0
"('Qd', 'Kc')",C,BTN,0.115,3,0.0
"('5c', '5h')",X,BTN,0.145,3,0.0
"('Jd', 'Jc')",R,BTN,0.02,3,1.0
"('9c', 'Kc')",R,BTN,0.145,3,1.0
"('Kh', '6h')",F,BTN,0.24,3,0.0
"('Kc', 'Qc')",F,BTN,0.07,3,0.0
"('Jc', 'Qh')",R,BTN,0.195,3,1.0
"('6c', 'As')",F,BTN,0.255,3,0.0
"('Qc', 'Js')",R,BTN,0.195,3,1.0
"('Qh', 'Qd')",B,BTN,0.015,3,0.0
"('Js', 'Kc')",R,BTN,0.14,3,1.0
"('Ac', 'Kh')",X,BTN,0.05,3,0.0
"('9c', '9d')",X,BTN,0.03,3,0.0
"('Ac', '4c')",F,BTN,0.17,3,0.0
"('Ks', '9h')",R,BTN,0.225,3,1.0
"('Ah', 'Kc')",X,BTN,0.05,3,0.0
"('Jd', 'Jh')",B,BTN,0.02,3,0.0
"('Ks', '9s')",F,BTN,0.145,3,0.0
"('Ac', '7d')",F,BTN,0.2,3,0.0
"('Qc', 'Ah')",X,BTN,0.07,3,0.0
"('Ah', 'Tc')",F,BTN,0.105,3,0.0
"('Kh', 'As')",B,BTN,0.05,3,0.0
"('5h', 'As')",F,BTN,0.25,3,0.0
"('7s', 'Ks')",F,BTN,0.21,3,0.0
"('As', 'Jc')",F,BTN,0.08,3,0.0
"('Jd', 'Jc')",R,BTN,0.02,3,1.0
"('9s', '9d')",R,BTN,0.03,3,1.0
"('3h', 'Ah')",C,BTN,0.205,3,0.0
"('As', '9s')",B,BTN,0.085,3,0.0
"('Ac', 'Kh')",R,BTN,0.05,3,1.0
"('Ah', '6c')",F,BTN,0.255,3,0.0
"('Ac', 'Qd')",B,BTN,0.07,3,0.0
"('Kh', 'Jd')",F,BTN,0.14,3,0.0
"('Td', 'Qc')",F,BTN,0.235,3,0.0
"('Qd', 'Ad')",R,BTN,0.04,3,1.0
"('Ks', 'Kc')",X,BTN,0.01,3,0.0
"('9d', 'Ad')",X,BTN,0.085,3,0.0
"('Jc', 'Ah')",B,BTN,0.08,3,0.0
"('Jd', 'Qs')",R,BTN,0.195,3,1.0
"('8d', 'Ac')",F,BTN,0.165,3,0.0
"('9c', 'As')",R,BTN,0.145,3,1.0
"('8d', 'Qd')",R,BTN,0.265,3,1.0
"('Th', 'Qd')",F,BTN,0.235,3,0.0
"('9s', 'Ks')",F,BTN,0.145,3,0.0
"('Kd', '9c')",F,BTN,0.225,3,0.0
"('As', '8d')",F,BTN,0.165,3,0.0
"('Kc', 'Jh')",F,BTN,0.14,3,0.0
"('Js', 'Ks')",F,BTN,0.085,3,0.0
"('Th', 'Ad')",F,BTN,0.105,3,0.0
"('Ah', 'Th')",R,BTN,0.06,3,1.0
"('Kd', 'Js')",C,BTN,0.14,3,0.0
"('Ah', 'Td')",F,BTN,0.105,3,0.0
"('Kd', '9s')",R,BTN,0.225,3,1.0
"('Ac', '6c')",R,BTN,0.155,3,1.0
"('Ac', '8d')",F,BTN,0.165,3,0.0
"('Qc', '8c')",R,BTN,0.265,3,1.0
"('Js', 'Qh')",R,BTN,0.195,3,1.0
"('6h', 'Ad')",F,BTN,0.255,3,0.0
"('3s', 'As')",X,BTN,0.205,3,0.0
"('7c', 'Ad')",F,BTN,0.2,3,0.0
"('Ac', 'Ad')",B,BTN,0.005,3,0.0
"('7h', '7c')",R,BTN,0.055,3,1.0
"('Jd', 'Jh')",R,BTN,0.02,3,1.0
"('Jh', 'Kd')",X,BTN,0.14,3,0.0
"('Th', 'Jh')",B,BTN,0.21,3,0.0
"('5c', 'As')",F,BTN,0.25,3,0.0
"('Ks', 'Tc')",F,BTN,0.175,3,0.0
"('Jc', 'Jd')",R,BTN,0.02,3,1.0
"('9h', 'Kc')",X,BTN,0.225,3,0.0
"('4c', 'Ac')",F,BTN,0.17,3,0.0
"('Ad', '9s')",X,BTN,0.145,3,0.0
"('5h', '5d')",F,BTN,0.145,3,0.0
"('5h', 'As')",F,BTN,0.25,3,0.0
"('Kd', 'Ad')",R,BTN,0.035,3,1.0
"('8d', 'Qd')",F,BTN,0.265,3,0.0
"('8s', 'As')",X,BTN,0.105,3,0.0
"('6s', '6c')",F,BTN,0.09,3,0.0
"('2d', 'Ad')",R,BTN,0.215,3,1.0
"('9d', 'Ks')",R,BTN,0.225,3,1.0
"('Ac', '7h')",F,BTN,0.2,3,0.0
"('4h', '4c')",F,BTN,0.23,3,0.0
"('Qc', 'Qh')",B,BTN,0.015,3,0.0
"('8c', 'Kc')",F,BTN,0.18,3,0.0
"('Ac', 'Qh')",R,BTN,0.07,3,1.0
"('9c', 'Ac')",R,BTN,0.085,3,1.0
"('Ad', 'Qs')",R,BTN,0.07,3,1.0
"('Td', 'Kd')",R,BTN,0.1,3,1.0
"('6h', '6d')",X,BTN,0.09,3,0.0
"('Ah', 'Jc')",R,BTN,0.08,3,1.0
"('3s', 'As')",R,BTN,0.205,3,1.0
"('Qs', 'Ts')",R,BTN,0.15,3,1.0
"('Qs', 'Td')",F,BTN,0.235,3,0.0
"('Ah', 'Ts')",F,BTN,0.105,3,0.0
"('Qd', 'Ts')",X,BTN,0.235,3,0.0
"('9d', 'Ad')",F,BTN,0.085,3,0.0
"('Ad', '9h')",F,BTN,0.145,3,0.0
"('As', '8c')",F,BTN,0.165,3,0.0
"('Th', 'Ah')",B,BTN,0.06,3,0.0
"('Td', 'Kh')",B,BTN,0.175,3,0.0
"('Qc', 'Td')",F,BTN,0.235,3,0.0
"('Qs', 'Th')",C,BTN,0.235,3,0.0
"('Jc', 'Ad')",X,BTN,0.08,3,0.0
"('Kc', '5c')",F,BTN,0.265,3,0.0
"('8s', 'Ad')",F,BTN,0.165,3,0.0
"('Ts', 'As')",R,BTN,0.06,3,1.0
"('Ad', '9h')",F,BTN,0.145,3,0.0
"('9d', 'Ad')",R,BTN,0.085,3,1.0
"('7h', 'Ac')",F,BTN,0.2,3,0.0
"('Ad', '8s')",F,BTN,0.165,3,0.0
"('Jc', 'Ks')",F,BTN,0.14,3,0.0
"('Kd', '9h')",F,BTN,0.225,3,0.0
"('Ts', 'Kh')",F,BTN,0.175,3,0.0
"('Ks', '9h')",F,BTN,0.225,3,0.0
"('Kh', '8h')",R,BTN,0.18,3,1.0
"('Ah', '7c')",R,BTN,0.2,3,1.0
"('Js', 'Qd')",F,BTN,0.195,3,0.0
"('7h', 'Ad')",F,BTN,0.2,3,0.0
"('As', 'Jd')",F,BTN,0.08,3,0.0
"('7c', '7d')",F,BTN,0.055,3,0.0
"('As', 'Qd')",F,BTN,0.07,3,0.0
"('Jc', 'Kc')",R,BTN,0.085,3,1.0
"('Qc', 'Ts')",F,BTN,0.235,3,0.0
"('As', '9s')",R,BTN,0.085,3,1.0
"('As', 'Ad')",B,BTN,0.005,3,0.0
"('6d', 'Ah')",F,BTN,0.255,3,0.0
"('Ah', 'Ts')",F,BTN,0.105,3,0.0
"('9s', 'Kd')",F,BTN,0.225,3,0.0
"('Kd', 'Ah')",R,BTN,0.05,3,1.0
"('Ac', '6s')",X,BTN,0.255,3,0.0
"('Ah', 'Qc')",F,BTN,0.07,3,0.0
"('Kh', '9c')",F,BTN,0.225,3,0.0
"('9s', 'Ah')",B,BTN,0.145,3,0.0
"('Jd', 'Kd')",B,BTN,0.085,3,0.0
"('Jd', 'Qd')",F,BTN,0.12,3,0.0
"('As', '5h')",F,BTN,0.25,3,0.0
"('Th', 'Qs')",R,BTN,0.235,3,1.0
"('Jd', 'Js')",F,BTN,0.02,3,0.0
"('9s', 'Ac')",R,BTN,0.145,3,1.0
"('Kh', '9h')",F,BTN,0.145,3,0.0
"('Td', 'Kd')",F,BTN,0.1,3,0.0
"('Td', 'Ad')",R,BTN,0.06,3,1.0
"('Jh', 'Js')",R,BTN,0.02,3,1.0
"('Kc', '6c')",F,BTN,0.24,3,0.0
"('Js', 'Ad')",X,BTN,0.08,3,0.0
"('Kd', 'Qc')",F,BTN,0.115,3,0.0
"('As', 'Qc')",F,BTN,0.07,3,0.0
"('Kc', 'Ah')",B,BTN,0.05,3,0.0
"('Ks', 'Qs')",R,BTN,0.07,3,1.0
"('6h', '6d')",X,BTN,0.09,3,0.0
"('Td', 'Tc')",R,BTN,0.025,3,1.0
"('Ks', 'As')",R,BTN,0.035,3,1.0
"('Td', 'Ac')",X,BTN,0.105,3,0.0
"('Kd', 'Ac')",X,BTN,0.05,3,0.0
"('As', 'Tc')",R,BTN,0.105,3,1.0
"('Qh', 'Kh')",R,BTN,0.07,3,1.0
"('Ad', 'Kc')",B,BTN,0.05,3,0.0
"('Td', 'Qs')",R,BTN,0.235,3,1.0
"('Jc', 'Jd')",R,BTN,0.02,3,1.0
"('Jc', 'Ks')",F,BTN,0.14,3,0.0
"('Ad', 'Kc')",R,BTN,0.05,3,1.0
"('Ad', '9s')",F,BTN,0.145,3,0.0
"('Td', 'Ts')",F,BTN,0.025,3,0.0
"('5d', 'Ah')",F,BTN,0.25,3,0.0
"('Ac', 'Js')",R,BTN,0.08,3,1.0
"('7h', 'Kh')",F,BTN,0.21,3,0.0
"('Ac', '9h')",C,BTN,0.145,3,0.0
"('6c', '6h')",X,BTN,0.09,3,0.0
"('Td', 'Kc')",F,BTN,0.175,3,0.0
"('8d', 'Qd')",F,BTN,0.265,3,0.0
"('Jh', 'Kc')",F,BTN,0.14,3,0.0
"('Ad', 'Ac')",R,BTN,0.005,3,1.0
"('Qc', 'Kd')",R,BTN,0.115,3,1.0
"('Th', 'Ks')",F,BTN,0.175,3,0.0
"('7d', '7c')",R,BTN,0.055,3,1.0
"('Jd', 'Ks')",C,BTN,0.14,3,0.0
"('8c', 'Qc')",R,BTN,0.265,3,1.0
"('Tc', 'Ac')",F,BTN,0.06,3,0.0
"('Qh', 'Qs')",R,BTN,0.015,3,1.0
"('Ah', '9c')",F,BTN,0.145,3,0.0
"('Qc', 'Js')",R,BTN,0.195,3,1.0
"('Jh', 'Kc')",F,BTN,0.14,3,0.0
"('2h', 'Ah')",R,BTN,0.215,3,1.0
"('Td', 'Ac')",B,BTN,0.105,3,0.0
"('Jd', 'Jh')",R,BTN,0.02,3,1.0
"('Ac', 'Th')",F,BTN,0.105,3,0.0
"('Kc', 'Jc')",R,BTN,0.085,3,1.0
"('Jc', 'Qc')",X,BTN,0.12,3,0.0
"('Th', 'Jh')",F,BTN,0.21,3,0.0
"('Ad', '4d')",F,BTN,0.17,3,0.0
"('Js', 'Jd')",X,BTN,0.02,3,0.0
"('9s', 'Ac')",X,BTN,0.145,3,0.0
"('Qc', 'Jd')",B,BTN,0.195,3,0.0
"('8d', 'Ah')",F,BTN,0.165,3,0.0
"('Ks', 'Qh')",F,BTN,0.115,3,0.0
"('9d', 'Kh')",F,BTN,0.225,3,0.0
"('Kh', '6h')",R,BTN,0.24,3,1.0
"('Th', 'Td')",B,BTN,0.025,3,0.0
"('As', 'Td')",R,BTN,0.105,3,1.0
"('Ad', 'Jd')",F,BTN,0.055,3,0.0
"('9d', '9h')",C,BTN,0.03,3,0.0
"('Ah', 'Td')",R,BTN,0.105,3,1.0
"('5s', '5c')",F,BTN,0.145,3,0.0
"('9d', 'As')",F,BTN,0.145,3,0.0
"('Js', 'Qc')",F,BTN,0.195,3,0.0
"('4h', 'Ah')",F,BTN,0.17,3,0.0
"('Jh', 'Qh')",B,BTN,0.12,3,0.0
"('4h', 'Ah')",X,BTN,0.17,3,0.0
"('Kh', 'Qh')",X,BTN,0.07,3,0.0
"('Ad', 'Qh')",R,BTN,0.07,3,1.0
"('Qc', 'Ac')",F,BTN,0.04,3,0.0
"('As', 'Ks')",X,BTN,0.035,3,0.0
"('Kd', 'Ac')",X,BTN,0.05,3,0.0
"('As', 'Jc')",F,BTN,0.08,3,0.0
"('Qc', 'Jd')",F,BTN,0.195,3,0.0
"('Kd', 'Js')",B,BTN,0.14,3,0.0
"('Kc', 'Js')",F,BTN,0.14,3,0.0
"('Kh', 'Qc')",R,BTN,0.115,3,1.0
"('Qs', 'Js')",X,BTN,0.12,3,0.0
"('Ts', 'Tc')",C,BTN,0.025,3,0.0
"('Qs', 'Qh')",F,BTN,0.015,3,0.0
"('Ac', '9d')",F,BTN,0.145,3,0.0
"('Jc', 'Kh')",R,BTN,0.14,3,1.0
"('Js', 'Ah')",X,BTN,0.08,3,0.0
"('7c', '7h')",R,BTN,0.055,3,1.0
"('7c', 'Kc')",R,BTN,0.21,3,1.0
"('Ad', '6h')",F,BTN,0.255,3,0.0
"('Ah', '9c')",X,BTN,0.145,3,0.0
"('7s', 'As')",F,BTN,0.12,3,0.0
"('4c', '4h')",F,BTN,0.23,3,0.0
"('Kh', 'Ad')",R,BTN,0.05,3,1.0
"('Kd', '9c')",F,BTN,0.225,3,0.0
"('Ad', '9s')",F,BTN,0.145,3,0.0
"('8d', '8c')",F,BTN,0.035,3,0.0
"('5s', '5c')",X,BTN,0.145,3,0.0
"('9c', 'Qc')",F,BTN,0.185,3,0.0
"('Ks', '9d')",F,BTN,0.225,3,0.0
"('8c', 'Kc')",F,BTN,0.18,3,0.0
"('Ad', '7c')",R,BTN,0.2,3,1.0
"('Th', 'Ad')",F,BTN,0.105,3,0.0
"('5s', 'Ks')",F,BTN,0.265,3,0.0
"('6d', '6s')",X,BTN,0.09,3,0.0
"('Ks', '7s')",F,BTN,0.21,3,0.0
"('7d', 'Kd')",F,BTN,0.21,3,0.0
"('As', 'Ah')",R,BTN,0.005,3,1.0
"('4s', 'As')",R,BTN,0.17,3,1.0
"('2h', 'Ah')",F,BTN,0.215,3,0.0
"('Ah', 'Qs')",B,BTN,0.07,3,0.0
"('3c', 'Ac')",F,BTN,0.205,3,0.0
"('Jd', 'Kd')",X,BTN,0.085,3,0.0
"('6c', 'Ah')",R,BTN,0.255,3,1.0
"('8s', '8c')",R,BTN,0.035,3,1.0
"('Ah', '7s')",X,BTN,0.2,3,0.0
"('3h', 'Ah')",C,BTN,0.205,3,0.0
"('5s', 'Ad')",F,BTN,0.25,3,0.0
"('4d', '4c')",R,BTN,0.23,3,1.0
"('7h', '7d')",R,BTN,0.055,3,1.0
"('9h', 'Ks')",F,BTN,0.225,3,0.0
"('Ac', 'As')",X,BTN,0.005,3,0.0
"('Ks', 'Qh')",B,BTN,0.115,3,0.0
"('5d', '5s')",F,BTN,0.145,3,0.0
"('Kd', 'Kh')",R,BTN,0.01,3,1.0
"('Ac', '7s')",R,BTN,0.2,3,1.0
"('Js', 'Jh')",R,BTN,0.02,3,1.0
"('As', '2s')",F,BTN,0.215,3,0.0
"('Kc', 'Jd')",B,BTN,0.14,3,0.0
"('Kh', 'Jh')",F,BTN,0.085,3,0.0
"('As', 'Ad')",R,BTN,0.005,3,1.0
"('7d', 'Ac')",F,BTN,0.2,3,0.0
"('Qc', 'Qs')",R,BTN,0.015,3,1.0
"('Kc', 'Jh')",R,BTN,0.14,3,1.0
"('Ad', '4d')",B,BTN,0.17,3,0.0
"('Kh', '9d')",B,BTN,0.225,3,0.0
"('Kd', 'Jc')",X,BTN,0.14,3,0.0
"('Td', 'Qh')",X,BTN,0.235,3,0.0
"('Ks', 'Qd')",B,BTN,0.115,3,0.0
"('Qh', 'Ts')",F,BTN,0.235,3,0.0
"('Jc', 'Kh')",X,BTN,0.14,3,0.0
"('9d', 'Qd')",F,BTN,0.185,3,0.0
"('As', 'Ah')",B,BTN,0.005,3,0.0
"('Ah', '8s')",X,BTN,0.165,3,0.0
"('4s', '4c')",F,BTN,0.23,3,0.0
"('Ac', 'Js')",R,BTN,0.08,3,1.0
"('Ac', 'Th')",F,BTN,0.105,3,0.0
"('8d', '8h')",F,BTN,0.035,3,0.0
"('Qd', 'Qc')",X,BTN,0.015,3,0.0
"('Qh', 'Jd')",F,BTN,0.195,3,0.0
"('As', 'Ac')",R,BTN,0.005,3,1.0
"('Jc', 'Ah')",R,BTN,0.08,3,1.0
"('Ks', '9s')",F,BTN,0.145,3,0.0
"('Ah', 'Tc')",R,BTN,0.105,3,1.0
"('Qc', 'As')",F,BTN,0.07,3,0.0
"('Td', 'Ac')",F,BTN,0.105,3,0.0
"('Jh', 'Qd')",B,BTN,0.195,3,0.0
"('8h', 'Kh')",F,BTN,0.18,3,0.0
"('4s', '4c')",F,BTN,0.23,3,0.0
"('Td', 'Qc')",R,BTN,0.235,3,1.0
"('Ac', 'Ts')",F,BTN,0.105,3,0.0
"('Qc', 'Ac')",R,BTN,0.04,3,1.0
"('Tc', 'Ac')",F,BTN,0.06,3,0.0
"('Kh', 'Tc')",F,BTN,0.175,3,0.0
"('As', 'Qd')",X,BTN,0.07,3,0.0
"('Ah', '5d')",F,BTN,0.25,3,0.0
"('Jh', 'Qd')",F,BTN,0.195,3,0.0
"('Kh', '9d')",B,BTN,0.225,3,0.0
"('Jh', 'Js')",B,BTN,0.02,3,0.0
"('4s', 'As')",R,BTN,0.17,3,1.0
"('Ac', '5h')",F,BTN,0.25,3,0.0
"('Kh', 'Ah')",R,BTN,0.035,3,1.0
"('Qs', 'Jc')",R,BTN,0.195,3,1.0
"('As', 'Qc')",R,BTN,0.07,3,1.0
"('As', 'Jc')",R,BTN,0.08,3,1.0
"('Qd', 'Ad')",R,BTN,0.04,3,1.0
"('Ts', 'Kc')",F,BTN,0.175,3,0.0
"('Ac', '6s')",F,BTN,0.255,3,0.0
"('Ad', '6c')",F,BTN,0.255,3,0.0
"('Td', 'Ah')",C,BTN,0.105,3,0.0
"('As', 'Qc')",R,BTN,0.07,3,1.0
"('Kc', 'Ts')",F,BTN,0.175,3,0.0
"('Ad', '7c')",X,BTN,0.2,3,0.0
"('Td', 'Ah')",F,BTN,0.105,3,0.0
"('7d', 'As')",F,BTN,0.2,3,0.0
"('Ac', '9h')",F,BTN,0.145,3,0.0
"('9d', 'Kh')",F,BTN,0.225,3,0.0
"('As', '7s')",F,BTN,0.12,3,0.0
"('Ad', '2d')",R,BTN,0.215,3,1.0
"('6s', 'Ac')",F,BTN,0.255,3,0.0
"('8h', '8d')",X,BTN,0.035,3,0.0
"('Kd', 'Js')",R,BTN,0.14,3,1.0
"('Jd', 'Kh')",F,BTN,0.14,3,0.0
"('As', 'Js')",X,BTN,0.055,3,0.0
"('Qs', 'Jc')",R,BTN,0.195,3,1.0
"('Kd', '9d')",F,BTN,0.145,3,0.0
"('Tc', 'As')",F,BTN,0.105,3,0.0
"('Qh', '9h')",X,BTN,0.185,3,0.0
"('Qs', 'Kh')",X,BTN,0.115,3,0.0
"('Ad', '8h')",F,BTN,0.165,3,0.0
"('Ad', 'Td')",B,BTN,0.06,3,0.0
"('Ad', '9s')",F,BTN,0.145,3,0.0
"('9s', 'Kh')",R,BTN,0.225,3,1.0
"('Qs', 'Ts')",B,BTN,0.15,3,0.0
"('As', '4s')",F,BTN,0.17,3,0.0
"('6h', '6c')",F,BTN,0.09,3,0.0
"('7d', '7s')",F,BTN,0.055,3,0.0
"('Qs', 'Ks')",B,BTN,0.07,3,0.0
"('8c', 'Qc')",X,BTN,0.265,3,0.0
"('Ad', '6h')",R,BTN,0.255,3,1.0
"('Ah', 'Js')",R,BTN,0.08,3,1.0
"('Ah', '6d')",F,BTN,0.255,3,0.0
"('Ac', '9d')",F,BTN,0.145,3,0.0
"('7h', 'Ac')",R,BTN,0.2,3,1.0
"('8c', 'Qc')",R,BTN,0.265,3,1.0
"('As', 'Js')",X,BTN,0.055,3,0.0
"('Kh', '9h')",F,BTN,0.145,3,0.0
"('Qs', 'Js')",X,BTN,0.12,3,0.0
"('Ad', 'Kh')",X,BTN,0.05,3,0.0
"('8s', '8d')",F,BTN,0.035,3,0.0
"('Ad', 'As')",X,BTN,0.005,3,0.0
"('8s', 'Ad')",F,BTN,0.165,3,0.0
"('Ac', 'Ts')",F,BTN,0.105,3,0.0
"('Ad', 'Th')",F,BTN,0.105,3,0.0
"('4s', '4h')",F,BTN,0.23,3,0.0
"('Js', 'Qc')",F,BTN,0.195,3,0.0
"('7d', 'Ad')",R,BTN,0.12,3,1.0
"('7d', 'As')",F,BTN,0.2,3,0.0
"('Jh', 'Ks')",R,BTN,0.14,3,1.0
"('Kc', 'Ac')",R,BTN,0.035,3,1.0
"('Ks', 'Ts')",C,BTN,0.1,3,0.0
"('6c', 'Ah')",F,BTN,0.255,3,0.0
"('Kd', 'Ah')",R,BTN,0.05,3,1.0
"('Qc', 'As')",C,BTN,0.07,3,0.0
"('9h', 'Kd')",R,BTN,0.225,3,1.0
"('9h', 'Ac')",R,BTN,0.145,3,1.0
"('Td', 'Th')",R,BTN,0.025,3,1.0
"('Ad', 'Jc')",F,BTN,0.08,3,0.0
"('Ad', 'Ac')",B,BTN,0.005,3,0.0
"('Kh', 'Ah')",X,BTN,0.035,3,0.0
"('Ah', '7d')",F,BTN,0.2,3,0.0
"('Th', 'Kh')",R,BTN,0.1,3,1.0
"('4d', '4c')",F,BTN,0.23,3,0.0
"('As', '2s')",F,BTN,0.215,3,0.0
"('7s', 'As')",B,BTN,0.12,3,0.0
"('6h', 'Ac')",F,BTN,0.255,3,0.0
"('Tc', 'Qc')",X,BTN,0.15,3,0.0
"('Kh', 'Kd')",X,BTN,0.01,3,0.0
"('Qh', 'Jh')",R,BTN,0.12,3,1.0
"('7c', '7d')",F,BTN,0.055,3,0.0
"('Th', 'Jh')",R,BTN,0.21,3,1.0
"('Ah', 'Ks')",R,BTN,0.05,3,1.0
"('Ks', 'Ah')",B,BTN,0.05,3,0.0
"('Ac', 'Kd')",F,BTN,0.05,3,0.0
"('7s', 'Ac')",F,BTN,0.2,3,0.0
"('Qc', 'Kd')",R,BTN,0.115,3,1.0
"('5h', 'As')",F,BTN,0.25,3,0.0
"('Ad', 'Ts')",R,BTN,0.105,3,1.0
"('Kh', 'Ah')",R,BTN,0.035,3,1.0
"('Ah', '5h')",C,BTN,0.155,3,0.0
"('Qc', 'Js')",X,BTN,0.195,3,0.0
"('Th', 'Qh')",B,BTN,0.15,3,0.0
"('7d', 'Ad')",X,BTN,0.12,3,0.0
"('7d', '7s')",F,BTN,0.055,3,0.0
"('8d', 'Ah')",R,BTN,0.165,3,1.0
"('Js', 'Ad')",R,BTN,0.08,3,1.0
"('Ac', 'Jd')",C,BTN,0.08,3,0.0
"('Jh', 'Kd')",R,BTN,0.14,3,1.0
"('As', '7d')",F,BTN,0.2,3,0.0
"('Th', 'Kh')",X,BTN,0.1,3,0.0
"('4d', '4c')",C,BTN,0.23,3,0.0
"('Qd', 'Tc')",F,BTN,0.235,3,0.0
"('Ks', 'Jc')",F,BTN,0.14,3,0.0
"('Kd', '5d')",F,BTN,0.265,3,0.0
"('Ad', '8h')",X,BTN,0.165,3,0.0
"('8h', 'Kh')",X,BTN,0.18,3,0.0
"('Jc', 'As')",F,BTN,0.08,3,0.0
"('6d', 'Ad')",X,BTN,0.155,3,0.0
"('Tc', 'Qs')",R,BTN,0.235,3,1.0
"('9c', 'Kd')",X,BTN,0.225,3,0.0
"('Jh', 'Ks')",F,BTN,0.14,3,0.0
"('6d', '6s')",R,BTN,0.09,3,1.0
"('6s', 'Ks')",F,BTN,0.24,3,0.0
"('4h', '4c')",R,BTN,0.23,3,1.0
"('Js', 'Jc')",X,BTN,0.02,3,0.0
"('Kd', 'Th')",F,BTN,0.175,3,0.0
"('Kh', 'Jc')",R,BTN,0.14,3,1.0
"('Jh', 'Ad')",B,BTN,0.08,3,0.0
"('Jc', 'Qd')",B,BTN,0.195,3,0.0
"('Qd', 'Kd')",B,BTN,0.07,3,0.0
"('As', '9c')",F,BTN,0.145,3,0.0
"('Ad', 'Jh')",R,BTN,0.08,3,1.0
"('Qc', 'Ah')",R,BTN,0.07,3,1.0
"('As', 'Jc')",F,BTN,0.08,3,0.0
"('Ah', '7d')",R,BTN,0.2,3,1.0
"('3d', 'Ad')",F,BTN,0.205,3,0.0
"('Ah', '7h')",F,BTN,0.12,3,0.0
"('Qs', 'Ks')",B,BTN,0.07,3,0.0
"('Kc', '9h')",X,BTN,0.225,3,0.0
"('9c', 'Kd')",R,BTN,0.225,3,1.0
"('6c', 'As')",F,BTN,0.255,3,0.0
"('As', '7s')",R,BTN,0.12,3,1.0
"('Ah', '6h')",F,BTN,0.155,3,0.0
"('8c', '8h')",C,BTN,0.035,3,0.0
"('Ks', 'Ts')",C,BTN,0.1,3,0.0
"('8c', '8d')",B,BTN,0.035,3,0.0
"('Qh', 'Kd')",F,BTN,0.115,3,0.0
"('Ad', '6d')",F,BTN,0.155,3,0.0
"('Td', 'Kc')",F,BTN,0.175,3,0.0
"('Ah', 'Tc')",R,BTN,0.105,3,1.0
"('As', '8s')",R,BTN,0.105,3,1.0
"('Ad', '5d')",X,BTN,0.155,3,0.0
"('As', 'Ks')",R,BTN,0.035,3,1.0
"('5s', '5h')",B,BTN,0.145,3,0.0
"('Ac', '7c')",F,BTN,0.12,3,0.0
"('Ad', '6d')",F,BTN,0.155,3,0.0
"('As', 'Ad')",R,BTN,0.005,3,1.0
"('4d', '4h')",F,BTN,0.23,3,0.0
"('Ad', 'Qd')",X,BTN,0.04,3,0.0
"('As', '9s')",R,BTN,0.085,3,1.0
"('Qc', '9c')",R,BTN,0.185,3,1.0
"('9c', 'Ks')",F,BTN,0.225,3,0.0
"('Kh', '9h')",R,BTN,0.145,3,1.0
"('9h', 'Ks')",R,BTN,0.225,3,1.0
"('As', '9h')",R,BTN,0.145,3,1.0
"('6d', '6h')",F,BTN,0.09,3,0.0
"('Jh', 'Ks')",F,BTN,0.14,3,0.0
"('Ac', 'Qs')",B,BTN,0.07,3,0.0
"('Js', 'As')",F,BTN,0.055,3,0.0
"('Ah', 'Tc')",F,BTN,0.105,3,0.0
"('Ac', '6h')",F,BTN,0.255,3,0.0
"('8d', 'Ah')",F,BTN,0.165,3,0.0
"('Ac', 'Qc')",X,BTN,0.04,3,0.0
"('Ks', '9c')",R,BTN,0.225,3,1.0
"('Ad', 'Jd')",F,BTN,0.055,3,0.0
"('8c', 'Ad')",F,BTN,0.165,3,0.0
"('Ac', '7d')",F,BTN,0.2,3,0.0
"('9h', 'Ks')",F,BTN,0.225,3,0.0
"('Tc', 'Ac')",F,BTN,0.06,3,0.0
"('As', '9c')",F,BTN,0.145,3,0.0
"('As', '9d')",F,BTN,0.145,3,0.0
"('8d', 'Ah')",F,BTN,0.165,3,0.0
"('Tc', 'Ts')",B,BTN,0.025,3,0.0
"('Ac', '5d')",F,BTN,0.25,3,0.0
"('Qs', 'As')",B,BTN,0.04,3,0.0
"('Ad', '6d')",X,BTN,0.155,3,0.0
"('5s', 'As')",R,BTN,0.155,3,1.0
"('Ks', 'Qs')",R,BTN,0.07,3,1.0
"('9s', 'Kc')",R,BTN,0.225,3,1.0
"('4s', '4d')",B,BTN,0.23,3,0.0
"('6c', 'Ac')",R,BTN,0.155,3,1.0
"('7d', 'As')",F,BTN,0.2,3,0.0
"('Ah', 'Jc')",F,BTN,0.08,3,0.0
"('Td', 'Ac')",F,BTN,0.105,3,0.0
"('5c', '5s')",F,BTN,0.145,3,0.0
"('Ah', 'Js')",B,BTN,0.08,3,0.0
"('Ah', 'Tc')",X,BTN,0.105,3,0.0
"('Ac', '4c')",B,BTN,0.17,3,0.0
"('Ts', 'Qh')",F,BTN,0.235,3,0.0
"('Qs', 'Qd')",B,BTN,0.015,3,0.0
"('6c', 'Ad')",R,BTN,0.255,3,1.0
"('Ac', 'Qc')",C,BTN,0.04,3,0.0
"('As', '5d')",F,BTN,0.25,3,0.0
"('Ad', '6s')",F,BTN,0.255,3,0.0
"('Ad', 'Jc')",R,BTN,0.08,3,1.0
"('5d', 'Kd')",C,BTN,0.265,3,0.0
"('Kh', 'Kc')",R,BTN,0.01,3,1.0
"('Ah', '6d')",F,BTN,0.255,3,0.0
"('8d', '8h')",R,BTN,0.035,3,1.0
"('Ac', '8h')",F,BTN,0.165,3,0.0
"('Tc', 'Ts')",R,BTN,0.025,3,1.0
"('Qh', 'Jd')",F,BTN,0.195,3,0.0
"('Th', 'Qd')",F,BTN,0.235,3,0.0
"('Ac', '5s')",R,BTN,0.25,3,1.0
"('Kc', 'Ac')",B,BTN,0.035,3,0.0
"('5s', 'Ks')",R,BTN,0.265,3,1.0
"('Tc', 'Qc')",R,BTN,0.15,3,1.0
"('As', '5d')",B,BTN,0.25,3,0.0
"('Ah', 'Ac')",R,BTN,0.005,3,1.0
"('Js', 'Jd')",F,BTN,0.02,3,0.0
"('Ac', '8s')",F,BTN,0.165,3,0.0
"('9d', 'Kc')",F,BTN,0.225,3,0.0
"('Ad', 'Jd')",R,BTN,0.055,3,1.0
"('Ah', '2h')",R,BTN,0.215,3,1.0
"('5h', 'Ad')",X,BTN,0.25,3,0.0
"('Jc', 'As')",R,BTN,0.08,3,1.0
"('As', '7h')",F,BTN,0.2,3,0.0
"('8d', 'Qd')",F,BTN,0.265,3,0.0
"('As', 'Td')",F,BTN,0.105,3,0.0
"('Ks', '9c')",R,BTN,0.225,3,1.0
"('Ah', '5d')",F,BTN,0.25,3,0.0
"('Th', 'Ts')",B,BTN,0.025,3,0.0
"('Ad', 'Ks')",R,BTN,0.05,3,1.0
"('Ad', '8d')",R,BTN,0.105,3,1.0
"('Ah', '5h')",R,BTN,0.155,3,1.0
"('Qs', 'Ac')",X,BTN,0.07,3,0.0
"('6s', 'Ac')",F,BTN,0.255,3,0.0
"('5d', 'Kd')",F,BTN,0.265,3,0.0
"('Qc', 'Kh')",B,BTN,0.115,3,0.0
"('As', 'Qs')",R,BTN,0.04,3,1.0
"('Jc', 'Jh')",R,BTN,0.02,3,1.0
"('As', 'Kc')",R,BTN,0.05,3,1.0
"('9s', 'Kh')",F,BTN,0.225,3,0.0
"('Ad', '8s')",F,BTN,0.165,3,0.0
"('Kd', '9c')",F,BTN,0.225,3,0.0
"('Ah', 'Jc')",F,BTN,0.08,3,0.0
"('As', 'Kh')",F,BTN,0.05,3,0.0
"('Qs', 'Kd')",F,BTN,0.115,3,0.0
"('Ah', '3h')",F,BTN,0.205,3,0.0
"('Kd', 'Qs')",R,BTN,0.115,3,1.0
"('Js', 'As')",R,BTN,0.055,3,1.0
"('9s', '9c')",R,BTN,0.03,3,1.0
"('9h', 'Kd')",F,BTN,0.225,3,0.0
"('Qs', 'As')",R,BTN,0.04,3,1.0
"('Jh', 'Ac')",R,BTN,0.08,3,1.0
"('Ac', '8h')",F,BTN,0.165,3,0.0
"('Ah', '8c')",F,BTN,0.165,3,0.0
"('Js', 'Jc')",X,BTN,0.02,3,0.0
"('As', '3s')",B,BTN,0.205,3,0.0
"('9d', 'Ah')",F,BTN,0.145,3,0.0
"('Ah', 'Td')",B,BTN,0.105,3,0.0
"('4c', '4d')",F,BTN,0.23,3,0.0
"('Ac', '7d')",F,BTN,0.2,3,0.0
"('6s', '6d')",F,BTN,0.09,3,0.0
"('7h', '7c')",X,BTN,0.055,3,0.0
"('8c', 'Ad')",F,BTN,0.165,3,0.0
"('Ac', '9c')",F,BTN,0.085,3,0.0
"('Ts', 'Qc')",F,BTN,0.235,3,0.0
"('Ks', '7s')",F,BTN,0.21,3,0.0
"('As', '5h')",X,BTN,0.25,3,0.0
"('Td', 'Kc')",F,BTN,0.175,3,0.0
"('Ad', 'Ah')",C,BTN,0.005,3,0.0
"('6d', '6h')",R,BTN,0.09,3,1.0
"('As', 'Qc')",X,BTN,0.07,3,0.0
"('Qh', 'Jh')",X,BTN,0.12,3,0.0
"('Kh', '9d')",B,BTN,0.225,3,0.0
"('Th', 'Kc')",B,BTN,0.175,3,0.0
"('Kc', 'Td')",F,BTN,0.175,3,0.0
"('Ah', 'Qs')",B,BTN,0.07,3,0.0
"('Qh', 'Kh')",X,BTN,0.07,3,0.0
"('Kh', '5h')",R,BTN,0.265,3,1.0
"('Jh', 'Jc')",F,BTN,0.02,3,0.0
"('Qh', 'Kh')",B,BTN,0.07,3,0.0
"('Ad', '6c')",X,BTN,0.255,3,0.0
"('4s', '4h')",F,BTN,0.23,3,0.0
"('Ad', 'Ks')",X,BTN,0.05,3,0.0
"('Qs', 'Jc')",F,BTN,0.195,3,0.0
"('Ks', 'Tc')",F,BTN,0.175,3,0.0
"('2s', 'As')",F,BTN,0.215,3,0.0
"('9s', 'Ad')",R,BTN,0.145,3,1.0
"('Jh', 'Qh')",F,BTN,0.12,3,0.0
"('6s', 'Ah')",R,BTN,0.255,3,1.0
"('Qs', 'Jd')",F,BTN,0.195,3,0.0
"('Kc', 'Js')",R,BTN,0.14,3,1.0
"('Kd', 'Js')",F,BTN,0.14,3,0.0
"('Js', 'Qs')",F,BTN,0.12,3,0.0
"('As', '7h')",X,BTN,0.2,3,0.0
"('Qh', 'Kc')",F,BTN,0.115,3,0.0
"('9d', 'Kc')",R,BTN,0.225,3,1.0
"('As', 'Kc')",R,BTN,0.05,3,1.0
"('8d', 'Kd')",X,BTN,0.18,3,0.0
"('Kh', 'Js')",R,BTN,0.14,3,1.0
"('Jc', 'Qs')",R,BTN,0.195,3,1.0
"('Ts', 'Ks')",X,BTN,0.1,3,0.0
"('As', '8d')",F,BTN,0.165,3,0.0
"('Ad', '7d')",R,BTN,0.12,3,1.0
"('Jh', 'Kh')",B,BTN,0.085,3,0.0
"('6s', '6d')",R,BTN,0.09,3,1.0
"('9d', '9h')",B,BTN,0.03,3,0.0
"('Jd', 'Ah')",R,BTN,0.08,3,1.0
"('Kc', '7c')",X,BTN,0.21,3,0.0
"('Ah', '7h')",R,BTN,0.12,3,1.0
"('Kh', 'Jd')",X,BTN,0.14,3,0.0
"('Ac', 'Kh')",B,BTN,0.05,3,0.0
"('Ks', 'Kd')",B,BTN,0.01,3,0.0
"('Qc', 'Th')",F,BTN,0.235,3,0.0
"('Qd', 'Ks')",R,BTN,0.115,3,1.0
"('4c', '4h')",F,BTN,0.23,3,0.0
"('Td', 'Kh')",F,BTN,0.175,3,0.0
"('Kd', 'Js')",B,BTN,0.14,3,0.0
"('Kc', 'Kd')",R,BTN,0.01,3,1.0
"('Td', 'Kd')",B,BTN,0.1,3,0.0
"('Ad', 'Kh')",C,BTN,0.05,3,0.0
"('Ts', 'Tc')",X,BTN,0.025,3,0.0
"('Jc', 'Ac')",F,BTN,0.055,3,0.0
"('8s', 'Qs')",F,BTN,0.265,3,0.0
"('9s', 'Qs')",F,BTN,0.185,3,0.0
"('6d', '6s')",F,BTN,0.09,3,0.0
"('Kh', '9h')",F,BTN,0.145,3,0.0
"('Ac', 'Ts')",F,BTN,0.105,3,0.0
"('Ad', '3d')",F,BTN,0.205,3,0.0
"('Kd', 'Tc')",F,BTN,0.175,3,0.0
"('5c', 'Ac')",X,BTN,0.155,3,0.0
"('Kc', 'Tc')",B,BTN,0.1,3,0.0
"('Tc', 'Th')",R,BTN,0.025,3,1.0
"('As', '2s')",R,BTN,0.215,3,1.0
"('Ad', '7s')",F,BTN,0.2,3,0.0
"('Ah', 'Qh')",X,BTN,0.04,3,0.0
"('9s', 'Ac')",F,BTN,0.145,3,0.0
"('Qc', 'Kh')",R,BTN,0.115,3,1.0
"('9h', 'Kh')",F,BTN,0.145,3,0.0
"('Ks', 'Kd')",B,BTN,0.01,3,0.0
"('Kd', '9h')",F,BTN,0.225,3,0.0
"('Ah', 'Tc')",R,BTN,0.105,3,1.0
"('9s', 'As')",C,BTN,0.085,3,0.0
"('Ac', '8c')",B,BTN,0.105,3,0.0
"('9c', 'Ks')",F,BTN,0.225,3,0.0
"('Qh', 'Ad')",R,BTN,0.07,3,1.0
"('8d', '8s')",X,BTN,0.035,3,0.0
"('6s', 'Ah')",F,BTN,0.255,3,0.0
"('8c', 'Kc')",F,BTN,0.18,3,0.0
"('8h', 'Ac')",X,BTN,0.165,3,0.0
"('Kd', 'Ac')",R,BTN,0.05,3,1.0
"('Kc', 'Jc')",R,BTN,0.085,3,1.0
"('Kc', '7c')",X,BTN,0.21,3,0.0
"('Td', 'Kd')",R,BTN,0.1,3,1.0
"('Js', 'Qc')",F,BTN,0.195,3,0.0
"('Ac', 'Ts')",X,BTN,0.105,3,0.0
"('Ah', '7s')",F,BTN,0.2,3,0.0
"('As', '7d')",F,BTN,0.2,3,0.0
"('Qd', 'Kh')",R,BTN,0.115,3,1.0
"('5s', '5d')",F,BTN,0.145,3,0.0
"('Qc', 'Qh')",R,BTN,0.015,3,1.0
"('As', '6d')",F,BTN,0.255,3,0.0
"('Ah', '9h')",X,BTN,0.085,3,0.0
"('Kd', 'Ks')",C,BTN,0.01,3,0.0
"('Qd', 'Qs')",R,BTN,0.015,3,1.0
"('Ks', 'Td')",X,BTN,0.175,3,0.0
"('4h', 'Ah')",R,BTN,0.17,3,1.0
"('4h', 'Ah')",F,BTN,0.17,3,0.0
"('Jc', 'Ad')",R,BTN,0.08,3,1.0
"('5h', '5s')",F,BTN,0.145,3,0.0
"('5c', 'Ac')",B,BTN,0.155,3,0.0
"('Kd', '9c')",F,BTN,0.225,3,0.0
"('Ks', 'Kd')",R,BTN,0.01,3,1.0
"('As', '7d')",R,BTN,0.2,3,1.0
"('Jh', 'Jd')",B,BTN,0.02,3,0.0
"('Kc', 'Kd')",B,BTN,0.01,3,0.0
"('As', 'Jh')",R,BTN,0.08,3,1.0
"('Ad', 'Js')",R,BTN,0.08,3,1.0
"('Ks', 'Kh')",B,BTN,0.01,3,0.0
"('6d', 'Ah')",F,BTN,0.255,3,0.0
"('6c', 'Kc')",F,BTN,0.24,3,0.0
"('8s', '8h')",X,BTN,0.035,3,0.0
"('Ah', '7d')",F,BTN,0.2,3,0.0
"('Ts', 'Qs')",X,BTN,0.15,3,0.0
"('Jc', 'Qs')",R,BTN,0.195,3,1.0
"('7c', 'Ah')",F,BTN,0.2,3,0.0
"('Jh', 'Qh')",R,BTN,0.12,3,1.0
"('5c', '5d')",R,BTN,0.145,3,1.0
"('Ac', '6s')",F,BTN,0.255,3,0.0
"('Ts', 'Kc')",F,BTN,0.175,3,0.0
"('Ac', '9s')",F,BTN,0.145,3,0.0
"('As', 'Ac')",C,BTN,0.005,3,0.0
"('Qd', 'Td')",F,BTN,0.15,3,0.0
"('Ad', '7h')",F,BTN,0.2,3,0.0
"('Jd', 'Qs')",R,BTN,0.195,3,1.0
"('8c', 'Kc')",R,BTN,0.18,3,1.0
"('8d', '8h')",R,BTN,0.035,3,1.0
"('Kh', 'Jh')",R,BTN,0.085,3,1.0
"('Jh', 'Th')",F,BTN,0.21,3,0.0
"('Ts', 'Td')",F,BTN,0.025,3,0.0
"('Jd', 'Td')",F,BTN,0.21,3,0.0
"('Qd', 'Th')",F,BTN,0.235,3,0.0
"('Js', 'Qd')",R,BTN,0.195,3,1.0
"('Th', 'Kd')",F,BTN,0.175,3,0.0
"('Kd', 'Ks')",C,BTN,0.01,3,0.0
"('Ad', 'Qs')",R,BTN,0.07,3,1.0
"('Qc', 'Ac')",X,BTN,0.04,3,0.0
"('7c', 'Kc')",R,BTN,0.21,3,1.0
"('9d', '9c')",R,BTN,0.03,3,1.0
"('9s', 'Kc')",F,BTN,0.225,3,0.0
"('9s', 'Kh')",F,BTN,0.225,3,0.0
"('As', 'Jh')",F,BTN,0.08,3,0.0
"('Ac', '8d')",F,BTN,0.165,3,0.0
"('Ac', '6s')",F,BTN,0.255,3,0.0
"('Ad', 'Js')",F,BTN,0.08,3,0.0
"('Ad', 'Qh')",R,BTN,0.07,3,1.0
"('Ad', '5s')",F,BTN,0.25,3,0.0
"('Qd', 'Th')",F,BTN,0.235,3,0.0
"('Tc', 'Jc')",F,BTN,0.21,3,0.0
"('6d', '6s')",X,BTN,0.09,3,0.0
"('As', 'Jd')",R,BTN,0.08,3,1.0
"('3d', 'Ad')",R,BTN,0.205,3,1.0
"('Ac', '8s')",F,BTN,0.165,3,0.0
"('Ac', 'Ah')",B,BTN,0.005,3,0.0
"('Ac', 'Tc')",R,BTN,0.06,3,1.0
"('Ks', 'Ah')",F,BTN,0.05,3,0.0
"('Js', 'Ks')",X,BTN,0.085,3,0.0
"('5h', 'As')",F,BTN,0.25,3,0.0
"('Qs', 'Th')",R,BTN,0.235,3,1.0
"('6c', 'Ah')",F,BTN,0.255,3,0.0
"('Ah', '2h')",F,BTN,0.215,3,0.0
"('5c', 'Kc')",F,BTN,0.265,3,0.0
"('7h', 'Ah')",X,BTN,0.12,3,0.0
"('Jd', 'Ah')",X,BTN,0.08,3,0.0
"('Ad', 'Ac')",C,BTN,0.005,3,0.0
"('Td', 'Tc')",X,BTN,0.025,3,0.0
"('Tc', 'Ts')",B,BTN,0.025,3,0.0
"('Kd', 'Qh')",R,BTN,0.115,3,1.0
"('Jc', 'As')",C,BTN,0.08,3,0.0
"('As', 'Ah')",R,BTN,0.005,3,1.0
"('Qc', 'Ac')",R,BTN,0.04,3,1.0
"('Td', 'Ks')",F,BTN,0.175,3,0.0
"('Qd', 'Jh')",R,BTN,0.195,3,1.0
"('Kh', 'Qs')",F,BTN,0.115,3,0.0
"('Jh', 'Kc')",F,BTN,0.14,3,0.0
"('Ad', 'Ac')",R,BTN,0.005,3,1.0
"('8h', 'Ah')",R,BTN,0.105,3,1.0
"('Ad', 'Qh')",F,BTN,0.07,3,0.0
"('Ad', '5d')",F,BTN,0.155,3,0.0
"('8c', '8d')",B,BTN,0.035,3,0.0
"('As', '8h')",F,BTN,0.165,3,0.0
"('Kc', 'Jd')",F,BTN,0.14,3,0.0
"('Kd', 'Qd')",R,BTN,0.07,3,1.0
"('Kd', 'Ah')",C,BTN,0.05,3,0.0
"('9h', '9s')",R,BTN,0.03,3,1.0
"('8h', 'Qh')",F,BTN,0.265,3,0.0
"('Jh', 'Ks')",F,BTN,0.14,3,0.0
"('Kc', '5c')",R,BTN,0.265,3,1.0
"('Ah', '5c')",F,BTN,0.25,3,0.0
"('7s', '7h')",F,BTN,0.055,3,0.0
"('Jh', 'As')",B,BTN,0.08,3,0.0
"('Ac', 'Qc')",R,BTN,0.04,3,1.0
"('9h', 'Ah')",F,BTN,0.085,3,0.0
"('Kh', 'Td')",F,BTN,0.175,3,0.0
"('Kh', 'Ts')",F,BTN,0.175,3,0.0
"('5h', '5c')",F,BTN,0.145,3,0.0
"('Js', 'Qd')",F,BTN,0.195,3,0.0
"('6c', 'Kc')",F,BTN,0.24,3,0.0
"('Kc', '9d')",F,BTN,0.225,3,0.0
"('7h', 'As')",F,BTN,0.2,3,0.0
"('4s', '4d')",F,BTN,0.23,3,0.0
"('As', 'Kc')",C,BTN,0.05,3,0.0
"('Ac', '5c')",R,BTN,0.155,3,1.0
"('5d', 'Ad')",R,BTN,0.155,3,1.0
"('As', '5s')",X,BTN,0.155,3,0.0
"('Ks', 'Kd')",R,BTN,0.01,3,1.0
"('7d', '7h')",F,BTN,0.055,3,0.0
"('2h', 'Ah')",R,BTN,0.215,3,1.0
"('Ah', '5c')",F,BTN,0.25,3,0.0
"('Tc', 'Ad')",F,BTN,0.105,3,0.0
"('9h', 'Kh')",F,BTN,0.145,3,0.0
"('As', '3s')",F,BTN,0.205,3,0.0
"('7d', 'Kd')",F,BTN,0.21,3,0.0
"('Jd', 'Qh')",B,BTN,0.195,3,0.0
"('7c', '7d')",R,BTN,0.055,3,1.0
"('5s', '5h')",F,BTN,0.145,3,0.0
"('8c', '8d')",F,BTN,0.035,3,0.0
"('5s', 'Ah')",F,BTN,0.25,3,0.0
"('Kh', 'Qs')",B,BTN,0.115,3,0.0
"('6h', 'Ad')",F,BTN,0.255,3,0.0
"('9c', 'As')",F,BTN,0.145,3,0.0
"('Ks', '8s')",F,BTN,0.18,3,0.0
"('9h', 'As')",F,BTN,0.145,3,0.0
"('Kh', 'Jh')",X,BTN,0.085,3,0.0
"('Kh', 'Qc')",C,BTN,0.115,3,0.0
"('Ad', '2d')",F,BTN,0.215,3,0.0
"('Ah', 'Kc')",R,BTN,0.05,3,1.0
"('Jd', 'Ks')",F,BTN,0.14,3,0.0
"('Qc', 'Qd')",X,BTN,0.015,3,0.0
"('Qd', 'As')",R,BTN,0.07,3,1.0
"('8c', 'As')",F,BTN,0.165,3,0.0
"('Ad', '7s')",R,BTN,0.2,3,1.0
"('6s', '6c')",B,BTN,0.09,3,0.0
"('Ad', 'Ks')",R,BTN,0.05,3,1.0
"('4h', 'Ah')",F,BTN,0.17,3,0.0
"('Ad', 'Th')",F,BTN,0.105,3,0.0
"('Ah', 'Ad')",R,BTN,0.005,3,1.0
"('6d', 'Kd')",F,BTN,0.24,3,0.0
"('6d', 'Ad')",F,BTN,0.155,3,0.0
"('Ad', '7d')",R,BTN,0.12,3,1.0
"('Ks', 'Qs')",C,BTN,0.07,3,0.0
"('6h', 'Ad')",F,BTN,0.255,3,0.0
"('Qd', 'Qs')",B,BTN,0.015,3,0.0
"('4s', '4h')",F,BTN,0.23,3,0.0
"('Tc', 'Ts')",R,BTN,0.025,3,1.0
"('As', '7d')",X,BTN,0.2,3,0.0
"('Kd', '9d')",F,BTN,0.145,3,0.0
"('Kh', '9s')",F,BTN,0.225,3,0.0
"('As', '8s')",X,BTN,0.105,3,0.0
"('Ah', 'Qc')",R,BTN,0.07,3,1.0
"('9c', 'Ks')",F,BTN,0.225,3,0.0
"('Kc', 'Ah')",B,BTN,0.05,3,0.0
"('Kh', 'Ac')",R,BTN,0.05,3,1.0
"('Ac', '5d')",X,BTN,0.25,3,0.0
"('Kd', '7d')",F,BTN,0.21,3,0.0
"('9h', 'Kd')",F,BTN,0.225,3,0.0
"('Jd', 'Ad')",F,BTN,0.055,3,0.0
"('Kh', '9c')",R,BTN,0.225,3,1.0
"('5c', '5d')",R,BTN,0.145,3,1.0
"('9s', '9h')",C,BTN,0.03,3,0.0
"('Qh', 'Jh')",F,BTN,0.12,3,0.0
"('Ac', 'Th')",F,BTN,0.105,3,0.0
"('5s', '5d')",B,BTN,0.145,3,0.0
"('Kc', 'Qh')",R,BTN,0.115,3,1.0
"('Jh', 'Jc')",R,BTN,0.02,3,1.0
"('Th', 'Qd')",F,BTN,0.235,3,0.0
"('Ac', 'Jh')",F,BTN,0.08,3,0.0
"('Qs', 'Qd')",X,BTN,0.015,3,0.0
"('Ac', '2c')",F,BTN,0.215,3,0.0
"('Ks', 'Ac')",X,BTN,0.05,3,0.0
"('Jc', 'Ks')",F,BTN,0.14,3,0.0
"('5h', '5d')",F,BTN,0.145,3,0.0
"('Kh', '7h')",R,BTN,0.21,3,1.0
"('Jh', 'Qc')",B,BTN,0.195,3,0.0
"('8h', 'As')",R,BTN,0.165,3,1.0
"('As', '5c')",F,BTN,0.25,3,0.0
"('9s', 'Ah')",F,BTN,0.145,3,0.0
"('Qc', 'Ad')",R,BTN,0.07,3,1.0
"('Ah', '7s')",F,BTN,0.2,3,0.0
"('Kh', 'Qd')",F,BTN,0.115,3,0.0
"('9h', 'As')",F,BTN,0.145,3,0.0
"('3s', 'As')",F,BTN,0.205,3,0.0
"('9d', '9h')",R,BTN,0.03,3,1.0
"('Ks', '9c')",R,BTN,0.225,3,1.0
"('Ad', 'Kh')",X,BTN,0.05,3,0.0
"('8s', 'Ks')",F,BTN,0.18,3,0.0
"('Jc', 'Ks')",B,BTN,0.14,3,0.0
"('Ks', '9h')",R,BTN,0.225,3,1.0
"('Td', 'Tc')",R,BTN,0.025,3,1.0
"('4d', 'Ad')",X,BTN,0.17,3,0.0
"('Qh', '8h')",F,BTN,0.265,3,0.0
"('Kd', 'Ts')",X,BTN,0.175,3,0.0
"('Ac', '5s')",F,BTN,0.25,3,0.0
"('4h', '4c')",F,BTN,0.23,3,0.0
"('Ac', 'Qc')",R,BTN,0.04,3,1.0
"('8h', 'Ac')",F,BTN,0.165,3,0.0
"('7c', 'As')",R,BTN,0.2,3,1.0
"('Qd', 'Td')",F,BTN,0.15,3,0.0
"('Ac', 'Tc')",C,BTN,0.06,3,0.0
"('Kh', 'Jc')",R,BTN,0.14,3,1.0
"('Qd', 'Jd')",C,BTN,0.12,3,0.0
"('6s', '6h')",F,BTN,0.09,3,0.0
"('8s', '8d')",B,BTN,0.035,3,0.0
"('Ad', 'Qh')",F,BTN,0.07,3,0.0
"('Kd', 'Ah')",B,BTN,0.05,3,0.0
"('Js', 'Jh')",B,BTN,0.02,3,0.0
"('5s', 'Ks')",F,BTN,0.265,3,0.0
"('Ad', '9d')",F,BTN,0.085,3,0.0
"('Ac', 'Ks')",F,BTN,0.05,3,0.0
"('5s', 'Ac')",R,BTN,0.25,3,1.0
"('8c', 'Qc')",F,BTN,0.265,3,0.0
"('6s', 'Ac')",X,BTN,0.255,3,0.0
"('9s', '9h')",F,BTN,0.03,3,0.0
"('7h', '7d')",F,BTN,0.055,3,0.0
"('Jc', 'Kd')",F,BTN,0.14,3,0.0
"('Kd', '9h')",F,BTN,0.225,3,0.0
"('7d', '7s')",F,BTN,0.055,3,0.0
"('8c', 'Ad')",F,BTN,0.165,3,0.0
"('Td', 'Kc')",R,BTN,0.175,3,1.0
"('Jc', 'Kd')",B,BTN,0.14,3,0.0
"('Qh', 'Kd')",F,BTN,0.115,3,0.0
"('Ks', 'Ts')",F,BTN,0.1,3,0.0
"('5s', 'Ac')",R,BTN,0.25,3,1.0
"('Ad', '5s')",R,BTN,0.25,3,1.0
"('7d', '7c')",X,BTN,0.055,3,0.0
"('Ah', 'Qh')",B,BTN,0.04,3,0.0
"('Qc', '8c')",F,BTN,0.265,3,0.0
"('Td', 'Th')",C,BTN,0.025,3,0.0
"('Th', 'Tc')",F,BTN,0.025,3,0.0
"('Ac', '7s')",F,BTN,0.2,3,0.0
"('Qh', 'Ks')",F,BTN,0.115,3,0.0
"('Th', 'Ad')",B,BTN,0.105,3,0.0
"('Ac', 'Qh')",B,BTN,0.07,3,0.0
"('Qs', 'Kh')",X,BTN,0.115,3,0.0
"('9d', 'Ac')",R,BTN,0.145,3,1.0
"('Ad', '7d')",R,BTN,0.12,3,1.0
"('Qs', 'Th')",F,BTN,0.235,3,0.0
"('Jh', 'Qs')",F,BTN,0.195,3,0.0
"('6s', 'As')",F,BTN,0.155,3,0.0
"('Ad', 'Ac')",R,BTN,0.005,3,1.0
"('7d', 'Ac')",R,BTN,0.2,3,1.0
"('Jh', 'Kd')",R,BTN,0.14,3,1.0
"('Th', 'As')",F,BTN,0.105,3,0.0
"('6c', 'Ac')",R,BTN,0.155,3,1.0
"('Kc', 'Qh')",F,BTN,0.115,3,0.0
"('7s', '7d')",F,BTN,0.055,3,0.0
"('Qs', 'Qd')",B,BTN,0.015,3,0.0
"('9s', '9h')",X,BTN,0.03,3,0.0
"('Kd', '5d')",F,BTN,0.265,3,0.0
"('Qd', 'Td')",F,BTN,0.15,3,0.0
"('8s', 'Qs')",F,BTN,0.265,3,0.0
"('Qs', 'Ad')",X,BTN,0.07,3,0.0
"('7h', 'Ac')",R,BTN,0.2,3,1.0
"('Qd', 'Qc')",B,BTN,0.015,3,0.0
"('Jh', 'Kh')",R,BTN,0.085,3,1.0
"('Th', 'Tc')",B,BTN,0.025,3,0.0
"('Qd', 'Qc')",X,BTN,0.015,3,0.0
"('Qd', '8d')",F,BTN,0.265,3,0.0
"('Ah', '6d')",X,BTN,0.255,3,0.0
"('As', '6s')",R,BTN,0.155,3,1.0
"('9d', 'Ah')",F,BTN,0.145,3,0.0
"('6d', '6s')",R,BTN,0.09,3,1.0
"('Ac', 'Kc')",B,BTN,0.035,3,0.0
"('As', 'Ks')",X,BTN,0.035,3,0.0
"('Qc', 'Tc')",B,BTN,0.15,3,0.0
"('9s', 'Ah')",F,BTN,0.145,3,0.0
"('Tc', 'Qd')",R,BTN,0.235,3,1.0
"('Kd', '9s')",F,BTN,0.225,3,0.0
"('8d', '8c')",C,BTN,0.035,3,0.0
"('5h', 'As')",F,BTN,0.25,3,0.0
"('4s', '4d')",F,BTN,0.23,3,0.0
"('Qd', 'Th')",F,BTN,0.235,3,0.0
"('5c', 'Ac')",F,BTN,0.155,3,0.0
"('Qc', 'Jd')",B,BTN,0.195,3,0.0
"('5d', '5h')",F,BTN,0.145,3,0.0
"('Qh', 'Kh')",X,BTN,0.07,3,0.0
"('Ks', '8s')",F,BTN,0.18,3,0.0
"('Qd', 'Kh')",B,BTN,0.115,3,0.0
"('9d', 'Qd')",F,BTN,0.185,3,0.0
"('Th', 'Kc')",F,BTN,0.175,3,0.0
"('5c', 'As')",F,BTN,0.25,3,0.0
"('6s', '6d')",C,BTN,0.09,3,0.0
"('5h', '5s')",B,BTN,0.145,3,0.0
"('As', 'Qd')",X,BTN,0.07,3,0.0
"('As', 'Tc')",R,BTN,0.105,3,1.0
"('Qc', 'Ks')",R,BTN,0.115,3,1.0
"('8c', 'Qc')",F,BTN,0.265,3,0.0
"('Qc', 'Jh')",B,BTN,0.195,3,0.0
"('Kh', '5h')",F,BTN,0.265,3,0.0
"('Js', 'Qs')",R,BTN,0.12,3,1.0
"('9h', '9s')",R,BTN,0.03,3,1.0
"('Ac', 'Kh')",F,BTN,0.05,3,0.0
"('Kd', 'Jc')",F,BTN,0.14,3,0.0
"('Ks', 'Tc')",R,BTN,0.175,3,1.0
"('Ah', 'Qh')",X,BTN,0.04,3,0.0
"('Jd', 'Td')",R,BTN,0.21,3,1.0
"('2s', 'As')",R,BTN,0.215,3,1.0
"('Ks', 'Kc')",B,BTN,0.01,3,0.0
"('Jc', 'Js')",F,BTN,0.02,3,0.0
"('Qc', 'Ac')",R,BTN,0.04,3,1.0
"('Ts', 'Kd')",F,BTN,0.175,3,0.0
"('Th', 'Qd')",F,BTN,0.235,3,0.0
"('7d', 'Ad')",X,BTN,0.12,3,0.0
"('As', '8s')",F,BTN,0.105,3,0.0
"('Qc', 'Ah')",F,BTN,0.07,3,0.0
"('5s', 'Ks')",R,BTN,0.265,3,1.0
"('Ks', 'Kh')",X,BTN,0.01,3,0.0
"('Qc', 'Jc')",X,BTN,0.12,3,0.0
"('Kd', '5d')",F,BTN,0.265,3,0.0
"('Ac', '6s')",F,BTN,0.255,3,0.0
"('5c', 'Ad')",R,BTN,0.25,3,1.0
"('7c', 'Kc')",R,BTN,0.21,3,1.0
"('8h', 'Kh')",F,BTN,0.18,3,0.0
"('Ah', 'Qc')",R,BTN,0.07,3,1.0
"('Qs', 'Kd')",R,BTN,0.115,3,1.0
"('Ad', 'Qs')",R,BTN,0.07,3,1.0
"('As', '7d')",F,BTN,0.2,3,0.0
"('4h', '4s')",F,BTN,0.23,3,0.0
"('Qc', 'Jc')",F,BTN,0.12,3,0.0
"('7c', 'Ad')",F,BTN,0.2,3,0.0
"('As', 'Ts')",R,BTN,0.06,3,1.0
"('Qc', 'Th')",F,BTN,0.235,3,0.0
"('Ad', '5d')",F,BTN,0.155,3,0.0
"('As', 'Qc')",F,BTN,0.07,3,0.0
"('Ts', 'Ac')",F,BTN,0.105,3,0.0
"('4h', '4c')",F,BTN,0.23,3,0.0
"('Qd', 'Qc')",B,BTN,0.015,3,0.0
"('As', '5s')",R,BTN,0.155,3,1.0
"('Ad', '7d')",F,BTN,0.12,3,0.0
"('Qs', 'Jc')",F,BTN,0.195,3,0.0
"('Ah', '9s')",B,BTN,0.145,3,0.0
"('9c', 'Kc')",F,BTN,0.145,3,0.0
"('Th', 'Jh')",R,BTN,0.21,3,1.0
"('9c', '9h')",R,BTN,0.03,3,1.0
"('Qh', 'As')",R,BTN,0.07,3,1.0
"('5s', 'Ah')",F,BTN,0.25,3,0.0
"('9d', 'Kh')",F,BTN,0.225,3,0.0
"('Ac', '6h')",F,BTN,0.255,3,0.0
"('9d', 'Kc')",F,BTN,0.225,3,0.0
"('8d', 'Ad')",F,BTN,0.105,3,0.0
"('Kc', 'Th')",F,BTN,0.175,3,0.0
"('Kh', 'Qc')",F,BTN,0.115,3,0.0
"('Kc', 'Jd')",F,BTN,0.14,3,0.0
"('Ad', '6s')",F,BTN,0.255,3,0.0
"('Qh', '9h')",F,BTN,0.185,3,0.0
"('8h', 'Ac')",X,BTN,0.165,3,0.0
"('Th', 'Qc')",R,BTN,0.235,3,1.0
"('Ah', 'Jh')",X,BTN,0.055,3,0.0
"('Kd', '9d')",F,BTN,0.145,3,0.0
"('Ac', 'Qs')",R,BTN,0.07,3,1.0
"('As', 'Kh')",F,BTN,0.05,3,0.0
"('Js', 'Kh')",F,BTN,0.14,3,0.0
"('Qc', 'Td')",F,BTN,0.235,3,0.0
"('Ad', 'Th')",R,BTN,0.105,3,1.0
"('8h', 'Ac')",B,BTN,0.165,3,0.0
"('7h', '7d')",F,BTN,0.055,3,0.0
"('Kc', '9c')",F,BTN,0.145,3,0.0
"('Td', 'Kh')",F,BTN,0.175,3,0.0
"('Ac', 'Ts')",R,BTN,0.105,3,1.0
"('Tc', 'Th')",X,BTN,0.025,3,0.0
"('9h', '9s')",F,BTN,0.03,3,0.0
"('Ad', 'Qd')",X,BTN,0.04,3,0.0
"('6s', 'As')",F,BTN,0.155,3,0.0
"('Jc', 'Tc')",R,BTN,0.21,3,1.0
"('Ks', 'Ah')",R,BTN,0.05,3,1.0
"('Ad', '8c')",R,BTN,0.165,3,1.0
"('Qs', '8s')",F,BTN,0.265,3,0.0
"('7d', '7h')",X,BTN,0.055,3,0.0
"('5s', '5c')",F,BTN,0.145,3,0.0
"('Qd', 'Ad')",R,BTN,0.04,3,1.0
"('7c', 'Ah')",F,BTN,0.2,3,0.0
"('Qh', 'Ad')",X,BTN,0.07,3,0.0
"('As', '7h')",F,BTN,0.2,3,0.0
"('Ac', '9h')",B,BTN,0.145,3,0.0
"('7s', '7h')",F,BTN,0.055,3,0.0
"('Ks', 'Jd')",F,BTN,0.14,3,0.0
"('Ad', 'Qh')",R,BTN,0.07,3,1.0
"('7d', 'Ac')",F,BTN,0.2,3,0.0
"('Ts', 'Tc')",F,BTN,0.025,3,0.0
"('Js', 'Ks')",B,BTN,0.085,3,0.0
"('Jh', 'Js')",X,BTN,0.02,3,0.0
"('Ac', '6d')",R,BTN,0.255,3,1.0
"('Kh', 'Tc')",F,BTN,0.175,3,0.0
"('Qd', 'Qc')",R,BTN,0.015,3,1.0
"('Td', 'Ac')",F,BTN,0.105,3,0.0
"('Td', 'Th')",R,BTN,0.025,3,1.0
"('Js', 'Ah')",R,BTN,0.08,3,1.0
"('7s', '7c')",F,BTN,0.055,3,0.0
"('Ad', 'Ah')",X,BTN,0.005,3,0.0
"('Ah', '7h')",R,BTN,0.12,3,1.0
"('Qc', 'Jh')",F,BTN,0.195,3,0.0
"('5d', 'Kd')",F,BTN,0.265,3,0.0
"('Ts', 'Td')",F,BTN,0.025,3,0.0
"('Ks', 'Td')",R,BTN,0.175,3,1.0
"('3c', 'Ac')",R,BTN,0.205,3,1.0
"('Kd', '8d')",R,BTN,0.18,3,1.0
"('Kc', 'Qc')",R,BTN,0.07,3,1.0
"('As', '5c')",F,BTN,0.25,3,0.0
"('Td', 'Ks')",F,BTN,0.175,3,0.0
"('Qd', '9d')",F,BTN,0.185,3,0.0
"('9h', 'Ks')",F,BTN,0.225,3,0.0
"('Kd', 'Qs')",F,BTN,0.115,3,0.0
"('7h', 'Ah')",X,BTN,0.12,3,0.0
"('Ac', '6d')",R,BTN,0.255,3,1.0
"('Qh', 'Ac')",R,BTN,0.07,3,1.0
"('Ah', '5s')",R,BTN,0.25,3,1.0
"('7s', '7c')",F,BTN,0.055,3,0.0
"('9h', 'Kc')",R,BTN,0.225,3,1.0
"('Qh', 'Jc')",F,BTN,0.195,3,0.0
"('Jd', 'Qh')",R,BTN,0.195,3,1.0
"('Qd', 'Tc')",F,BTN,0.235,3,0.0
"('Js', 'As')",B,BTN,0.055,3,0.0
"('Td', 'Th')",B,BTN,0.025,3,0.0
"('4c', '4d')",F,BTN,0.23,3,0.0
"('Kd', 'Qs')",R,BTN,0.115,3,1.0
"('Qc', 'Td')",F,BTN,0.235,3,0.0
"('Kd', '9h')",R,BTN,0.225,3,1.0
"('Qc', 'Ts')",F,BTN,0.235,3,0.0
"('Ts', 'Td')",F,BTN,0.025,3,0.0
"('Kd', 'Ac')",B,BTN,0.05,3,0.0
"('Ac', '2c')",R,BTN,0.215,3,1.0
"('7c', 'Kc')",R,BTN,0.21,3,1.0
"('Kc', 'Td')",R,BTN,0.175,3,1.0
"('Kc', 'Tc')",B,BTN,0.1,3,0.0
"('As', 'Ah')",B,BTN,0.005,3,0.0
"('6d', '6s')",F,BTN,0.09,3,0.0
"('Qd', 'Qh')",F,BTN,0.015,3,0.0
"('Jh', 'Kh')",F,BTN,0.085,3,0.0
"('8h', 'Ac')",F,BTN,0.165,3,0.0
"('8c', 'Kc')",X,BTN,0.18,3,0.0
"('Qc', 'Th')",F,BTN,0.235,3,0.0
"('Jc', 'Kh')",F,BTN,0.14,3,0.0
"('8c', '8s')",R,BTN,0.035,3,1.0
"('Jh', 'Jd')",B,BTN,0.02,3,0.0
"('Ks', '9d')",F,BTN,0.225,3,0.0
"('Qc', '9c')",F,BTN,0.185,3,0.0
"('Ad', 'Ah')",B,BTN,0.005,3,0.0
"('6c', '6s')",F,BTN,0.09,3,0.0
"('Kh', 'Kc')",B,BTN,0.01,3,0.0
"('Th', 'Qd')",F,BTN,0.235,3,0.0
"('Ts', 'Qs')",R,BTN,0.15,3,1.0
"('9d', 'Ad')",B,BTN,0.085,3,0.0
"('5c', 'Kc')",F,BTN,0.265,3,0.0
"('Ac', 'Jc')",F,BTN,0.055,3,0.0
"('Jd', 'Jh')",F,BTN,0.02,3,0.0
"('Kh', 'Qh')",R,BTN,0.07,3,1.0
"('Ac', '9d')",B,BTN,0.145,3,0.0
"('Ad', 'As')",R,BTN,0.005,3,1.0
"('Td', 'Ah')",F,BTN,0.105,3,0.0
"('Js', 'Ts')",R,BTN,0.21,3,1.0
"('Qc', 'Ks')",X,BTN,0.115,3,0.0
"('Js', 'As')",F,BTN,0.055,3,0.0
"('9d', 'Ac')",R,BTN,0.145,3,1.0
"('6c', 'As')",F,BTN,0.255,3,0.0
"('Qs', 'Ah')",R,BTN,0.07,3,1.0
"('Ad', 'Kd')",R,BTN,0.035,3,1.0
"('As', '2s')",F,BTN,0.215,3,0.0
"('Ah', '7s')",X,BTN,0.2,3,0.0
"('Ah', 'Jh')",X,BTN,0.055,3,0.0
"('Kc', '9d')",F,BTN,0.225,3,0.0
"('Ah', '8s')",F,BTN,0.165,3,0.0
"('9c', 'As')",F,BTN,0.145,3,0.0
"('Qd', 'Ts')",F,BTN,0.235,3,0.0
"('Ad', 'Kh')",R,BTN,0.05,3,1.0
"('6d', 'As')",F,BTN,0.255,3,0.0
"('Qs', 'Kc')",X,BTN,0.115,3,0.0
"('As', '7c')",F,BTN,0.2,3,0.0
"('Jh', 'Qs')",F,BTN,0.195,3,0.0
"('Qh', 'Qc')",B,BTN,0.015,3,0.0
"('Td', 'Kh')",R,BTN,0.175,3,1.0
"('Js', 'Qc')",F,BTN,0.195,3,0.0
"('Tc', 'Ah')",X,BTN,0.105,3,0.0
"('Ah', 'Th')",F,BTN,0.06,3,0.0
"('As', '9h')",F,BTN,0.145,3,0.0
"('Qd', 'Qc')",R,BTN,0.015,3,1.0
"('5c', 'Ah')",F,BTN,0.25,3,0.0
"('Ks', 'Td')",F,BTN,0.175,3,0.0
"('5c', 'Ah')",F,BTN,0.25,3,0.0
"('3h', 'Ah')",R,BTN,0.205,3,1.0
"('Ad', '6c')",F,BTN,0.255,3,0.0
"('Jd', 'Js')",B,BTN,0.02,3,0.0
"('7d', 'As')",F,BTN,0.2,3,0.0
"('Ac', '2c')",R,BTN,0.215,3,1.0
"('Ad', 'Ts')",R,BTN,0.105,3,1.0
"('7c', '7h')",X,BTN,0.055,3,0.0
"('Kh', 'Js')",R,BTN,0.14,3,1.0
"('Ah', 'Kd')",R,BTN,0.05,3,1.0
"('Ac', 'Ks')",B,BTN,0.05,3,0.0
"('Ts', 'As')",R,BTN,0.06,3,1.0
"('Kc', '9h')",F,BTN,0.225,3,0.0
"('Kc', 'As')",R,BTN,0.05,3,1.0
"('As', '9s')",R,BTN,0.085,3,1.0
"('Js', 'Qs')",B,BTN,0.12,3,0.0
"('8d', 'Kd')",R,BTN,0.18,3,1.0
"('Jc', 'Qd')",B,BTN,0.195,3,0.0
"('8s', 'Ac')",F,BTN,0.165,3,0.0
"('Ac', '8s')",R,BTN,0.165,3,1.0
"('Tc', 'Td')",R,BTN,0.025,3,1.0
"('Ts', 'Th')",B,BTN,0.025,3,0.0
"('2s', 'As')",F,BTN,0.215,3,0.0
"('9s', '9h')",B,BTN,0.03,3,0.0
"('9s', 'Ad')",F,BTN,0.145,3,0.0
"('Qd', 'As')",R,BTN,0.07,3,1.0
"('9d', '9s')",R,BTN,0.03,3,1.0
"('Ad', '2d')",F,BTN,0.215,3,0.0
"('Ah', '6d')",F,BTN,0.255,3,0.0
"('5c', 'Ac')",R,BTN,0.155,3,1.0
"('Kd', '9h')",F,BTN,0.225,3,0.0
"('Qc', 'Kd')",F,BTN,0.115,3,0.0
"('Jc', 'Jd')",R,BTN,0.02,3,1.0
"('As', '5s')",F,BTN,0.155,3,0.0
"('Ac', 'Kh')",R,BTN,0.05,3,1.0
"('Ah', '9s')",R,BTN,0.145,3,1.0
"('Qh', 'Jh')",R,BTN,0.12,3,1.0
"('6s', '6c')",R,BTN,0.09,3,1.0
"('Qd', '8d')",F,BTN,0.265,3,0.0
"('9s', 'Ah')",R,BTN,0.145,3,1.0
"('Ks', 'Qd')",R,BTN,0.115,3,1.0
"('Kc', '8c')",F,BTN,0.18,3,0.0
"('6d', 'Ac')",F,BTN,0.255,3,0.0
"('Qc', 'Qd')",R,BTN,0.015,3,1.0
"('Kd', 'As')",F,BTN,0.05,3,0.0
"('7h', 'Kh')",R,BTN,0.21,3,1.0
"('5c', 'Ad')",X,BTN,0.25,3,0.0
"('Qh', '8h')",F,BTN,0.265,3,0.0
"('Qh', 'Jc')",F,BTN,0.195,3,0.0
"('Qh', 'Ad')",X,BTN,0.07,3,0.0
"('Ks', 'Th')",F,BTN,0.175,3,0.0
"('5d', 'Ad')",F,BTN,0.155,3,0.0
"('Kc', 'Ts')",F,BTN,0.175,3,0.0
"('8s', 'As')",X,BTN,0.105,3,0.0
"('Qh', 'Kc')",B,BTN,0.115,3,0.0
"('4s', '4h')",R,BTN,0.23,3,1.0
"('9s', 'Ks')",X,BTN,0.145,3,0.0
"('Ah', 'Jd')",R,BTN,0.08,3,1.0
"('8c', 'Kc')",F,BTN,0.18,3,0.0
"('Th', 'Kd')",F,BTN,0.175,3,0.0
"('Qd', 'Td')",B,BTN,0.15,3,0.0
"('Jc', 'Ah')",B,BTN,0.08,3,0.0
"('Th', 'Ad')",F,BTN,0.105,3,0.0
"('Ac', 'Jh')",R,BTN,0.08,3,1.0
"('Qh', 'Qc')",R,BTN,0.015,3,1.0
"('Kh', 'Ah')",R,BTN,0.035,3,1.0
"('Ah', '7s')",F,BTN,0.2,3,0.0
"('9h', 'Kd')",R,BTN,0.225,3,1.0
"('7d', 'As')",F,BTN,0.2,3,0.0
"('Qh', 'Ts')",R,BTN,0.235,3,1.0
"('6h', '6c')",F,BTN,0.09,3,0.0
"('Th', 'Ts')",R,BTN,0.025,3,1.0
"('As', 'Tc')",F,BTN,0.105,3,0.0
"('Kh', 'Jd')",F,BTN,0.14,3,0.0
"('Qh', 'As')",C,BTN,0.07,3,0.0
"('Ks', 'Jh')",F,BTN,0.14,3,0.0
"('6c', 'Ah')",R,BTN,0.255,3,1.0
"('Ad', 'Th')",F,BTN,0.105,3,0.0
"('As', '5s')",R,BTN,0.155,3,1.0
"('Qh', 'Jc')",X,BTN,0.195,3,0.0
"('Ac', 'Td')",F,BTN,0.105,3,0.0
"('Jc', 'Qh')",F,BTN,0.195,3,0.0
"('Td', 'Ac')",F,BTN,0.105,3,0.0
"('7s', 'Ah')",X,BTN,0.2,3,0.0
"('Qc', 'Qd')",X,BTN,0.015,3,0.0
"('Qh', 'Qd')",F,BTN,0.015,3,0.0
"('Ad', 'Qd')",R,BTN,0.04,3,1.0
"('As', '8d')",F,BTN,0.165,3,0.0
"('Ac', 'Ts')",F,BTN,0.105,3,0.0
"('Qs', 'Jc')",F,BTN,0.195,3,0.0
"('Ad', 'Qs')",F,BTN,0.07,3,0.0
"('Kh', 'As')",R,BTN,0.05,3,1.0
"('Jd', 'Kd')",X,BTN,0.085,3,0.0
"('Ad', 'Tc')",X,BTN,0.105,3,0.0
"('Ad', '9d')",F,BTN,0.085,3,0.0
"('6h', '6d')",C,BTN,0.09,3,0.0
"('Ad', '7h')",F,BTN,0.2,3,0.0
"('8d', 'Kd')",F,BTN,0.18,3,0.0
"('Qs', 'Qh')",B,BTN,0.015,3,0.0
"('9d', 'Ac')",B,BTN,0.145,3,0.0
"('Kh', 'Qh')",R,BTN,0.07,3,1.0
"('Jc', 'Qh')",R,BTN,0.195,3,1.0
"('Ah', 'Kd')",R,BTN,0.05,3,1.0
"('Kc', 'Kh')",R,BTN,0.01,3,1.0
"('Ac', '4c')",F,BTN,0.17,3,0.0
"('Qh', 'Ks')",F,BTN,0.115,3,0.0
"('8s', '8c')",R,BTN,0.035,3,1.0
"('Qs', 'Kd')",B,BTN,0.115,3,0.0
"('8d', 'Ad')",X,BTN,0.105,3,0.0
"('As', '5s')",X,BTN,0.155,3,0.0
"('Ts', 'Kd')",F,BTN,0.175,3,0.0
"('8d', 'Ad')",F,BTN,0.105,3,0.0
"('Tc', 'Ah')",F,BTN,0.105,3,0.0
"('9h', 'Kd')",R,BTN,0.225,3,1.0
"('4s', '4h')",F,BTN,0.23,3,0.0
"('As', '6d')",F,BTN,0.255,3,0.0
"('Ad', '6s')",F,BTN,0.255,3,0.0
"('Kh', 'Qs')",B,BTN,0.115,3,0.0
"('5c', '5h')",F,BTN,0.145,3,0.0
"('Ad', '9s')",F,BTN,0.145,3,0.0
"('Ks', '9h')",F,BTN,0.225,3,0.0
"('Ts', 'As')",B,BTN,0.06,3,0.0
"('8c', 'Qc')",F,BTN,0.265,3,0.0
"('7c', '7h')",R,BTN,0.055,3,1.0
"('Kh', 'Td')",F,BTN,0.175,3,0.0
"('Ts', 'Ks')",R,BTN,0.1,3,1.0
"('Kd', 'Qd')",R,BTN,0.07,3,1.0
"('Ts', 'Ah')",F,BTN,0.105,3,0.0
"('6h', '6s')",C,BTN,0.09,3,0.0
"('Tc', 'Ah')",F,BTN,0.105,3,0.0
"('Js', 'Ac')",R,BTN,0.08,3,1.0
"('7c', 'Kc')",F,BTN,0.21,3,0.0
"('6c', 'Kc')",F,BTN,0.24,3,0.0
"('As', 'Kc')",F,BTN,0.05,3,0.0
"('Th', 'Qd')",F,BTN,0.235,3,0.0
"('5s', '5h')",C,BTN,0.145,3,0.0
"('8h', 'Ac')",F,BTN,0.165,3,0.0
"('Ah', '7c')",F,BTN,0.2,3,0.0
"('Ad', '6h')",F,BTN,0.255,3,0.0
"('Js', 'Jd')",B,BTN,0.02,3,0.0
"('Ks', 'Ad')",R,BTN,0.05,3,1.0
"('As', '5c')",F,BTN,0.25,3,0.0
"('5d', 'As')",R,BTN,0.25,3,1.0
"('Ac', 'Qd')",R,BTN,0.07,3,1.0
"('Ac', '6s')",F,BTN,0.255,3,0.0
"('7d', 'Ac')",F,BTN,0.2,3,0.0
"('Ah', 'Jh')",F,BTN,0.055,3,0.0
"('Ad', 'Ac')",B,BTN,0.005,3,0.0
"('5s', 'As')",R,BTN,0.155,3,1.0
"('Kd', 'Ks')",B,BTN,0.01,3,0.0
"('7h', 'Ac')",F,BTN,0.2,3,0.0
"('9s', 'Ac')",F,BTN,0.145,3,0.0
"('Ac', 'Kd')",F,BTN,0.05,3,0.0
"('Ks', '9d')",F,BTN,0.225,3,0.0
"('Js', 'Jh')",C,BTN,0.02,3,0.0
"('Ad', 'Qc')",B,BTN,0.07,3,0.0
"('Kh', 'Ah')",R,BTN,0.035,3,1.0
"('8c', '8s')",X,BTN,0.035,3,0.0
"('Ah', 'Qh')",X,BTN,0.04,3,0.0
"('Js', 'Kd')",R,BTN,0.14,3,1.0
"('Ac', 'Kh')",X,BTN,0.05,3,0.0
"('9d', '9s')",B,BTN,0.03,3,0.0
"('Jd', 'Jc')",X,BTN,0.02,3,0.0
"('As', 'Kh')",B,BTN,0.05,3,0.0
"('Ah', 'Ad')",B,BTN,0.005,3,0.0
"('Ah', 'Td')",R,BTN,0.105,3,1.0
"('Jd', 'Kd')",F,BTN,0.085,3,0.0
"('Qs', 'Jh')",B,BTN,0.195,3,0.0
"('Kd', 'Ts')",F,BTN,0.175,3,0.0
"('Kd', '9c')",R,BTN,0.225,3,1.0
"('Jc', 'Ah')",R,BTN,0.08,3,1.0
"('Qs', 'Jc')",R,BTN,0.195,3,1.0
"('5s', 'As')",B,BTN,0.155,3,0.0
"('Qc', 'Jh')",F,BTN,0.195,3,0.0
"('Ts', 'Ah')",R,BTN,0.105,3,1.0
"('Ad', 'Qd')",F,BTN,0.04,3,0.0
"('Ac', '9d')",F,BTN,0.145,3,0.0
"('Jd', 'Kd')",F,BTN,0.085,3,0.0
"('Ad', '7s')",F,BTN,0.2,3,0.0
"('7h', 'Kh')",F,BTN,0.21,3,0.0
"('7s', '7h')",F,BTN,0.055,3,0.0
"('Jc', 'As')",C,BTN,0.08,3,0.0
"('5h', '5c')",R,BTN,0.145,3,1.0
"('Kc', 'Tc')",R,BTN,0.1,3,1.0
"('Ks', 'Js')",R,BTN,0.085,3,1.0
"('Ks', '5s')",F,BTN,0.265,3,0.0
"('Qs', 'Td')",F,BTN,0.235,3,0.0
"('Qh', 'Kh')",R,BTN,0.07,3,1.0
"('Jc', 'Ks')",F,BTN,0.14,3,0.0
"('9c', 'Kh')",F,BTN,0.225,3,0.0
"('Kc', 'Ah')",R,BTN,0.05,3,1.0
"('Td', 'Kh')",F,BTN,0.175,3,0.0
"('Ac', '7h')",R,BTN,0.2,3,1.0
"('5h', '5s')",R,BTN,0.145,3,1.0
"('Tc', 'Kh')",F,BTN,0.175,3,0.0
"('Kh', 'Jh')",X,BTN,0.085,3,0.0
"('Ts', 'Td')",R,BTN,0.025,3,1.0
"('7d', 'Ad')",F,BTN,0.12,3,0.0
"('Td', 'Ah')",R,BTN,0.105,3,1.0
"('Qs', 'Td')",R,BTN,0.235,3,1.0
"('Js', 'Kd')",R,BTN,0.14,3,1.0
"('As', 'Kd')",C,BTN,0.05,3,0.0
"('8h', '8d')",F,BTN,0.035,3,0.0
"('Ac', 'Kd')",R,BTN,0.05,3,1.0
"('Ks', '5s')",F,BTN,0.265,3,0.0
"('Ad', 'Ts')",B,BTN,0.105,3,0.0
"('8d', 'Kd')",X,BTN,0.18,3,0.0
"('Ad', '6s')",F,BTN,0.255,3,0.0
"('Ks', 'Ad')",R,BTN,0.05,3,1.0
"('5s', '5h')",B,BTN,0.145,3,0.0
"('Ac', '9h')",F,BTN,0.145,3,0.0
"('6h', '6c')",R,BTN,0.09,3,1.0
"('Ac', '8h')",F,BTN,0.165,3,0.0
"('Qd', 'Th')",F,BTN,0.235,3,0.0
"('Jd', 'Js')",X,BTN,0.02,3,0.0
"('Ts', 'Ac')",F,BTN,0.105,3,0.0
"('6d', 'Ad')",F,BTN,0.155,3,0.0
"('Th', 'Td')",R,BTN,0.025,3,1.0
"('Qs', 'Ah')",F,BTN,0.07,3,0.0
"('Qd', 'Kd')",R,BTN,0.07,3,1.0
"('8c', 'Ad')",F,BTN,0.165,3,0.0
"('Td', 'Qs')",F,BTN,0.235,3,0.0
"('Ks', 'Kc')",R,BTN,0.01,3,1.0
"('Jh', 'Qd')",X,BTN,0.195,3,0.0
"('Ac', 'Qc')",F,BTN,0.04,3,0.0
"('Qh', 'Ad')",B,BTN,0.07,3,0.0
"('9d', '9s')",F,BTN,0.03,3,0.0
"('9h', 'Kc')",F,BTN,0.225,3,0.0
"('Ks', 'Ts')",R,BTN,0.1,3,1.0
"('Kh', 'Td')",R,BTN,0.175,3,1.0
"('Ah', 'Js')",B,BTN,0.08,3,0.0
"('Kd', 'Ad')",R,BTN,0.035,3,1.0
"('Qh', 'Tc')",F,BTN,0.235,3,0.0
"('Kd', 'Js')",R,BTN,0.14,3,1.0
"('Ah', '8d')",F,BTN,0.165,3,0.0
"('Ah', 'Tc')",F,BTN,0.105,3,0.0
"('3s', 'As')",F,BTN,0.205,3,0.0
"('Js', 'Ad')",B,BTN,0.08,3,0.0
"('Th', 'Kd')",F,BTN,0.175,3,0.0
"('Ah', 'Jd')",X,BTN,0.08,3,0.0
"('8c', 'Kc')",R,BTN,0.18,3,1.0
"('Ah', '5c')",F,BTN,0.25,3,0.0
"('8d', 'Kd')",F,BTN,0.18,3,0.0
"('Th', 'Tc')",X,BTN,0.025,3,0.0
"('6s', '6h')",R,BTN,0.09,3,1.0
"('5s', 'Ks')",R,BTN,0.265,3,1.0
"('Qd', 'Ks')",F,BTN,0.115,3,0.0
"('Kh', 'Ac')",F,BTN,0.05,3,0.0
"('Tc', 'Th')",F,BTN,0.025,3,0.0
"('7d', '7c')",F,BTN,0.055,3,0.0
"('6d', '6h')",F,BTN,0.09,3,0.0
"('Kd', '5d')",F,BTN,0.265,3,0.0
"('Ah', '2h')",R,BTN,0.215,3,1.0
"('Js', 'Ah')",X,BTN,0.08,3,0.0
"('6h', '6d')",R,BTN,0.09,3,1.0
"('Kh', '5h')",F,BTN,0.265,3,0.0
"('7c', 'Ac')",F,BTN,0.12,3,0.0
"('6c', 'Ad')",F,BTN,0.255,3,0.0
"('Ac', 'As')",R,BTN,0.005,3,1.0
"('5h', 'Kh')",R,BTN,0.265,3,1.0
"('8s', 'As')",R,BTN,0.105,3,1.0
"('8d', 'Ah')",R,BTN,0.165,3,1.0
"('Ac', '9d')",F,BTN,0.145,3,0.0
"('5c', 'Kc')",F,BTN,0.265,3,0.0
"('Qd', 'Qs')",R,BTN,0.015,3,1.0
"('9c', 'Ks')",F,BTN,0.225,3,0.0
"('Qd', 'Ac')",F,BTN,0.07,3,0.0
"('9c', 'Kh')",B,BTN,0.225,3,0.0
"('Ks', 'Js')",B,BTN,0.085,3,0.0
"('Qs', 'As')",R,BTN,0.04,3,1.0
"('Kc', 'Ad')",X,BTN,0.05,3,0.0
"('Ac', '6s')",F,BTN,0.255,3,0.0
"('Tc', 'Qh')",F,BTN,0.235,3,0.0
"('Ac', '5h')",R,BTN,0.25,3,1.0
"('Ac', '6c')",F,BTN,0.155,3,0.0
"('5c', 'Ad')",F,BTN,0.25,3,0.0
"('Jd', 'Qd')",R,BTN,0.12,3,1.0
"('5d', 'Ah')",R,BTN,0.25,3,1.0
"('Kc', '9d')",F,BTN,0.225,3,0.0
"('Qc', 'Kd')",F,BTN,0.115,3,0.0
"('5c', 'Ad')",R,BTN,0.25,3,1.0
"('Ah', 'Ac')",R,BTN,0.005,3,1.0
"('Jd', 'Qd')",X,BTN,0.12,3,0.0
"('Ad', 'Tc')",B,BTN,0.105,3,0.0
"('Kh', 'Kd')",R,BTN,0.01,3,1.0
"('Ts', 'Js')",B,BTN,0.21,3,0.0
"('Ah', '8d')",R,BTN,0.165,3,1.0
"('Kc', 'Js')",F,BTN,0.14,3,0.0
"('Ks', '5s')",F,BTN,0.265,3,0.0
"('5c', 'Ac')",B,BTN,0.155,3,0.0
"('Ts', 'Ac')",F,BTN,0.105,3,0.0
"('Ks', 'Kh')",B,BTN,0.01,3,0.0
"('Ah', '5d')",F,BTN,0.25,3,0.0
"('Jd', 'Qc')",B,BTN,0.195,3,0.0
"('Ac', 'Ah')",R,BTN,0.005,3,1.0
"('As', 'Ah')",B,BTN,0.005,3,0.0
"('7h', 'Ad')",F,BTN,0.2,3,0.0
"('Ad', '6s')",F,BTN,0.255,3,0.0
"('6c', 'Ad')",R,BTN,0.255,3,1.0
"('Qs', '9s')",X,BTN,0.185,3,0.0
"('Ac', 'Qd')",B,BTN,0.07,3,0.0
"('Ac', '4c')",F,BTN,0.17,3,0.0
"('As', 'Th')",F,BTN,0.105,3,0.0
"('Qh', 'Ac')",R,BTN,0.07,3,1.0
"('Ts', 'Ah')",F,BTN,0.105,3,0.0
"('8s', 'Ad')",F,BTN,0.165,3,0.0
"('Qh', 'Ah')",R,BTN,0.04,3,1.0
"('6h', 'As')",F,BTN,0.255,3,0.0
"('Ks', '9h')",F,BTN,0.225,3,0.0
"('Ah', '8h')",F,BTN,0.105,3,0.0
"('7c', 'Ah')",R,BTN,0.2,3,1.0
"('Ah', 'Qc')",R,BTN,0.07,3,1.0
"('Kh', 'Qd')",F,BTN,0.115,3,0.0
"('As', 'Ts')",R,BTN,0.06,3,1.0
"('Jd', 'Qd')",X,BTN,0.12,3,0.0
"('9h', 'Ah')",X,BTN,0.085,3,0.0
"('5s', 'Ks')",F,BTN,0.265,3,0.0
"('Ad', 'Qs')",F,BTN,0.07,3,0.0
"('Ad', '9s')",F,BTN,0.145,3,0.0
"('Qh', 'Ah')",R,BTN,0.04,3,1.0
"('Ad', '5s')",R,BTN,0.25,3,1.0
"('Ac', 'Kc')",X,BTN,0.035,3,0.0
"('9d', 'Kh')",R,BTN,0.225,3,1.0
"('Th', 'Ad')",R,BTN,0.105,3,1.0
"('Qh', 'Jd')",F,BTN,0.195,3,0.0
"('Ad', 'Ks')",F,BTN,0.05,3,0.0
"('Jh', 'As')",X,BTN,0.08,3,0.0
"('Kc', 'Qh')",B,BTN,0.115,3,0.0
"('9h', 'Ac')",F,BTN,0.145,3,0.0
"('Kh', 'Qd')",F,BTN,0.115,3,0.0
"('Ah', 'Qh')",R,BTN,0.04,3,1.0
"('Jh', 'Jc')",X,BTN,0.02,3,0.0
"('As', '5h')",R,BTN,0.25,3,1.0
"('7s', 'Ah')",F,BTN,0.2,3,0.0
"('Ah', '6s')",B,BTN,0.255,3,0.0
"('Ad', 'Qs')",R,BTN,0.07,3,1.0
"('7h', 'Ac')",R,BTN,0.2,3,1.0
"('Kc', 'Ks')",B,BTN,0.01,3,0.0
"('Ac', '9h')",F,BTN,0.145,3,0.0
"('Jd', 'Ks')",X,BTN,0.14,3,0.0
"('Js', 'Jh')",X,BTN,0.02,3,0.0
"('Qd', 'Ah')",R,BTN,0.07,3,1.0
"('Kd', 'Tc')",F,BTN,0.175,3,0.0
"('Qh', 'As')",C,BTN,0.07,3,0.0
"('9h', 'Kh')",X,BTN,0.145,3,0.0
"('Ah', 'Kd')",R,BTN,0.05,3,1.0
"('9s', 'Ah')",R,BTN,0.145,3,1.0
"('Ad', '8h')",R,BTN,0.165,3,1.0
"('Qd', 'Qh')",B,BTN,0.015,3,0.0
"('Ah', '9d')",F,BTN,0.145,3,0.0
"('Kc', 'Ac')",R,BTN,0.035,3,1.0
"('Kc', 'Ks')",C,BTN,0.01,3,0.0
"('9s', 'As')",F,BTN,0.085,3,0.0
"('9s', 'Kh')",F,BTN,0.225,3,0.0
"('Td', 'Ks')",R,BTN,0.175,3,1.0
"('Ks', 'Qc')",X,BTN,0.115,3,0.0
"('Jd', 'Ad')",R,BTN,0.055,3,1.0
"('Td', 'Tc')",X,BTN,0.025,3,0.0
"('Kc', 'Ac')",X,BTN,0.035,3,0.0
"('Kh', 'Qs')",R,BTN,0.115,3,1.0
"('9h', 'Kd')",F,BTN,0.225,3,0.0
"('5s', 'Ah')",F,BTN,0.25,3,0.0
"('6c', '6d')",F,BTN,0.09,3,0.0
"('8d', 'Kd')",F,BTN,0.18,3,0.0
"('Ac', 'Kd')",F,BTN,0.05,3,0.0
"('Ks', 'Jc')",F,BTN,0.14,3,0.0
"('6h', 'As')",B,BTN,0.255,3,0.0
"('Kd', '8d')",F,BTN,0.18,3,0.0
"('Ah', '7s')",F,BTN,0.2,3,0.0
"('Tc', 'Ad')",R,BTN,0.105,3,1.0
"('9c', 'Kd')",F,BTN,0.225,3,0.0
"('Kh', 'Ah')",B,BTN,0.035,3,0.0
"('Ts', 'Th')",R,BTN,0.025,3,1.0
"('Ad', 'Qh')",R,BTN,0.07,3,1.0
"('As', 'Ks')",C,BTN,0.035,3,0.0
"('Ah', '7c')",F,BTN,0.2,3,0.0
"('Kd', 'Qd')",R,BTN,0.07,3,1.0
"('6s', '6h')",R,BTN,0.09,3,1.0
"('As', 'Jd')",X,BTN,0.08,3,0.0
"('Kd', 'Jd')",B,BTN,0.085,3,0.0
"('Jc', 'Qc')",R,BTN,0.12,3,1.0
"('7c', 'Ad')",F,BTN,0.2,3,0.0
"('Kc', 'As')",C,BTN,0.05,3,0.0
"('8c', '8d')",F,BTN,0.035,3,0.0
"('Js', 'Ks')",C,BTN,0.085,3,0.0
"('Ts', 'Kh')",F,BTN,0.175,3,0.0
"('Ad', '8h')",F,BTN,0.165,3,0.0
"('Ts', 'Ks')",F,BTN,0.1,3,0.0
"('8d', 'Ac')",F,BTN,0.165,3,0.0
"('Js', 'Jd')",B,BTN,0.02,3,0.0
"('9h', 'As')",F,BTN,0.145,3,0.0
"('Ac', '9d')",R,BTN,0.145,3,1.0
"('9c', 'Ks')",R,BTN,0.225,3,1.0
"('Qc', 'Td')",R,BTN,0.235,3,1.0
"('Ad', 'Qs')",R,BTN,0.07,3,1.0
"('Tc', 'Kd')",F,BTN,0.175,3,0.0
"('Kc', 'Jd')",R,BTN,0.14,3,1.0
"('Ah', '2h')",F,BTN,0.215,3,0.0
"('Kc', 'Js')",F,BTN,0.14,3,0.0
"('9c', 'Ad')",X,BTN,0.145,3,0.0
"('9d', 'Ah')",F,BTN,0.145,3,0.0
"('Tc', 'Ks')",F,BTN,0.175,3,0.0
"('Kc', 'Jd')",F,BTN,0.14,3,0.0
"('7h', '7s')",F,BTN,0.055,3,0.0
"('Qh', 'Jd')",F,BTN,0.195,3,0.0
"('Ks', '9h')",F,BTN,0.225,3,0.0
"('Ts', 'Ah')",F,BTN,0.105,3,0.0
"('Ad', '9s')",B,BTN,0.145,3,0.0
"('9c', 'Qc')",C,BTN,0.185,3,0.0
"('Js', 'Kh')",R,BTN,0.14,3,1.0
"('Ac', '8h')",F,BTN,0.165,3,0.0
"('8h', '8d')",X,BTN,0.035,3,0.0
"('4s', '4d')",F,BTN,0.23,3,0.0
"('9s', '9h')",F,BTN,0.03,3,0.0
"('As', 'Qs')",R,BTN,0.04,3,1.0
"('Ac', 'Th')",F,BTN,0.105,3,0.0
"('As', 'Kh')",R,BTN,0.05,3,1.0
"('Qs', 'Td')",F,BTN,0.235,3,0.0
"('Th', 'Qc')",F,BTN,0.235,3,0.0
"('8h', '8c')",R,BTN,0.035,3,1.0
"('Qc', 'Ad')",R,BTN,0.07,3,1.0
"('Ks', 'Tc')",R,BTN,0.175,3,1.0
"('6d', '6s')",R,BTN,0.09,3,1.0
"('5s', '5c')",R,BTN,0.145,3,1.0
"('Tc', 'Kd')",X,BTN,0.175,3,0.0
"('Kc', 'Tc')",R,BTN,0.1,3,1.0
"('9c', '9h')",B,BTN,0.03,3,0.0
"('5d', 'Ad')",X,BTN,0.155,3,0.0
"('6h', 'As')",F,BTN,0.255,3,0.0
"('Ah', 'Ac')",R,BTN,0.005,3,1.0
"('Qh', 'Ts')",F,BTN,0.235,3,0.0
"('Ac', 'Qc')",C,BTN,0.04,3,0.0
"('Ac', 'Th')",R,BTN,0.105,3,1.0
"('9c', 'Ad')",B,BTN,0.145,3,0.0
"('Kc', 'As')",F,BTN,0.05,3,0.0
"('Tc', 'Ah')",F,BTN,0.105,3,0.0
"('Ad', '7c')",R,BTN,0.2,3,1.0
"('Jd', 'Qh')",B,BTN,0.195,3,0.0
"('5c', 'As')",F,BTN,0.25,3,0.0
"('9d', 'Ac')",R,BTN,0.145,3,1.0
"('9c', 'Qc')",F,BTN,0.185,3,0.0
"('Kh', 'Tc')",R,BTN,0.175,3,1.0
"('Qc', 'Qh')",X,BTN,0.015,3,0.0
"('6h', 'Kh')",F,BTN,0.24,3,0.0
"('Qd', 'Ks')",F,BTN,0.115,3,0.0
"('Ah', 'Qh')",B,BTN,0.04,3,0.0
"('9c', 'Kh')",F,BTN,0.225,3,0.0
"('As', '9h')",F,BTN,0.145,3,0.0
"('Ks', '9s')",R,BTN,0.145,3,1.0
"('9h', '9d')",R,BTN,0.03,3,1.0
"('Ad', 'Ks')",R,BTN,0.05,3,1.0
"('Js', 'Qc')",F,BTN,0.195,3,0.0
"('8c', '8d')",X,BTN,0.035,3,0.0
"('As', 'Ts')",F,BTN,0.06,3,0.0
"('Qc', 'Qh')",F,BTN,0.015,3,0.0
"('Ah', '5d')",F,BTN,0.25,3,0.0
"('Ah', 'Tc')",F,BTN,0.105,3,0.0
"('Ah', '6h')",F,BTN,0.155,3,0.0
"('Ad', '9s')",F,BTN,0.145,3,0.0
"('Kc', 'Tc')",R,BTN,0.1,3,1.0
"('5d', '5h')",B,BTN,0.145,3,0.0
"('Kh', 'Kd')",R,BTN,0.01,3,1.0
"('8c', '8d')",R,BTN,0.035,3,1.0
"('7h', 'Ah')",F,BTN,0.12,3,0.0
"('4h', '4c')",R,BTN,0.23,3,1.0
"('Kc', '7c')",R,BTN,0.21,3,1.0
"('Kd', 'Jc')",R,BTN,0.14,3,1.0
"('Kd', 'Jd')",B,BTN,0.085,3,0.0
"('8c', 'Ad')",F,BTN,0.165,3,0.0
"('6s', '6h')",R,BTN,0.09,3,1.0
"('9s', '9d')",F,BTN,0.03,3,0.0
"('9h', '9d')",F,BTN,0.03,3,0.0
"('Kh', 'Kc')",R,BTN,0.01,3,1.0
"('Jh', 'Jc')",R,BTN,0.02,3,1.0
"('Ad', '8c')",F,BTN,0.165,3,0.0
"('6c', 'As')",F,BTN,0.255,3,0.0
"('Jd', 'Td')",R,BTN,0.21,3,1.0
"('As', 'Td')",C,BTN,0.105,3,0.0
"('5d', '5s')",B,BTN,0.145,3,0.0
"('6d', 'Kd')",F,BTN,0.24,3,0.0
"('Tc', 'Ks')",R,BTN,0.175,3,1.0
"('Kd', 'Th')",F,BTN,0.175,3,0.0
"('4h', 'Ah')",F,BTN,0.17,3,0.0
"('Ah', 'Kd')",C,BTN,0.05,3,0.0
"('Ac', '5d')",R,BTN,0.25,3,1.0
"('Qs', 'Kc')",F,BTN,0.115,3,0.0
"('9h', '9d')",R,BTN,0.03,3,1.0
"('Jd', 'As')",X,BTN,0.08,3,0.0
"('8d', 'Qd')",F,BTN,0.265,3,0.0
"('8s', '8d')",F,BTN,0.035,3,0.0
"('Qs', '8s')",F,BTN,0.265,3,0.0
"('3d', 'Ad')",F,BTN,0.205,3,0.0
"('As', 'Ah')",R,BTN,0.005,3,1.0
"('Ac', 'Th')",F,BTN,0.105,3,0.0
"('Ah', '6d')",F,BTN,0.255,3,0.0
"('Tc', 'Th')",F,BTN,0.025,3,0.0
"('Qh', 'Tc')",F,BTN,0.235,3,0.0
"('Ac', '6h')",R,BTN,0.255,3,1.0
"('As', '8d')",F,BTN,0.165,3,0.0
"('Ah', '3h')",R,BTN,0.205,3,1.0
"('9c', 'Kc')",C,BTN,0.145,3,0.0
"('Th', 'Qc')",F,BTN,0.235,3,0.0
"('6d', '6c')",F,BTN,0.09,3,0.0
"('4s', '4c')",F,BTN,0.23,3,0.0
"('9h', '9c')",R,BTN,0.03,3,1.0
"('Jd', 'Ks')",F,BTN,0.14,3,0.0
"('8d', 'Kd')",R,BTN,0.18,3,1.0
"('8h', 'Qh')",F,BTN,0.265,3,0.0
"('4c', '4d')",F,BTN,0.23,3,0.0
"('Qh', 'Qd')",C,BTN,0.015,3,0.0
"('5d', '5c')",X,BTN,0.145,3,0.0
"('Kc', 'Tc')",R,BTN,0.1,3,1.0
"('Td', 'Jd')",B,BTN,0.21,3,0.0
"('Ah', '3h')",B,BTN,0.205,3,0.0
"('9d', 'Ad')",X,BTN,0.085,3,0.0
"('5h', 'Kh')",B,BTN,0.265,3,0.0
"('8c', 'Kc')",B,BTN,0.18,3,0.0
"('Kc', '5c')",F,BTN,0.265,3,0.0
"('Qd', 'Jd')",B,BTN,0.12,3,0.0
"('Qs', 'Jd')",F,BTN,0.195,3,0.0
"('Ad', 'Td')",R,BTN,0.06,3,1.0
"('Ad', 'Kh')",F,BTN,0.05,3,0.0
"('As', 'Kh')",R,BTN,0.05,3,1.0
"('Ad', 'Jh')",B,BTN,0.08,3,0.0
"('Ah', '9d')",F,BTN,0.145,3,0.0
"('6d', 'Ac')",F,BTN,0.255,3,0.0
"('4c', '4h')",F,BTN,0.23,3,0.0
"('As', 'Jd')",R,BTN,0.08,3,1.0
"('7s', 'Ad')",F,BTN,0.2,3,0.0
"('9h', 'Kd')",F,BTN,0.225,3,0.0
"('3s', 'As')",R,BTN,0.205,3,1.0
"('As', 'Qh')",X,BTN,0.07,3,0.0
"('Qs', 'Ks')",X,BTN,0.07,3,0.0
"('Qh', 'Ah')",R,BTN,0.04,3,1.0
"('Ah', '9h')",F,BTN,0.085,3,0.0
"('As', 'Ac')",B,BTN,0.005,3,0.0
"('Qd', 'Th')",F,BTN,0.235,3,0.0
"('4c', 'Ac')",R,BTN,0.17,3,1.0
"('Ac', 'As')",X,BTN,0.005,3,0.0
"('Ac', 'Qs')",F,BTN,0.07,3,0.0
"('9d', 'Kh')",R,BTN,0.225,3,1.0
"('Kc', 'Qs')",F,BTN,0.115,3,0.0
"('Jh', 'Js')",X,BTN,0.02,3,0.0
"('Th', 'Ac')",R,BTN,0.105,3,1.0
"('Ts', 'Ks')",R,BTN,0.1,3,1.0
"('Ah', '6c')",F,BTN,0.255,3,0.0
"('Ad', '2d')",F,BTN,0.215,3,0.0
"('Ad', 'Kd')",R,BTN,0.035,3,1.0
"('Qc', 'Tc')",F,BTN,0.15,3,0.0
"('Ah', 'Kd')",F,BTN,0.05,3,0.0
"('8s', 'Ac')",F,BTN,0.165,3,0.0
"('Ac', 'Tc')",R,BTN,0.06,3,1.0
"('Ac', '7s')",F,BTN,0.2,3,0.0
"('4c', '4s')",F,BTN,0.23,3,0.0
"('Ac', '5c')",X,BTN,0.155,3,0.0
"('5s', 'Ad')",F,BTN,0.25,3,0.0
"('9c', 'Qc')",F,BTN,0.185,3,0.0
"('7s', 'Ad')",F,BTN,0.2,3,0.0
"('Jh', 'Kh')",F,BTN,0.085,3,0.0
"('Jd', 'Qs')",F,BTN,0.195,3,0.0
"('Ac', '5c')",R,BTN,0.155,3,1.0
"('Th', 'Kh')",R,BTN,0.1,3,1.0
"('Kc', 'Qs')",C,BTN,0.115,3,0.0
"('Kh', 'Ts')",F,BTN,0.175,3,0.0
"('8h', 'Ad')",F,BTN,0.165,3,0.0
"('8s', 'Qs')",R,BTN,0.265,3,1.0
"('Qs', 'As')",R,BTN,0.04,3,1.0
"('Ac', '7s')",B,BTN,0.2,3,0.0
"('8h', 'Qh')",F,BTN,0.265,3,0.0
"('Qc', '9c')",X,BTN,0.185,3,0.0
"('As', 'Kd')",C,BTN,0.05,3,0.0
"('5s', 'As')",B,BTN,0.155,3,0.0
"('9h', 'Kd')",F,BTN,0.225,3,0.0
"('Jh', 'Ad')",R,BTN,0.08,3,1.0
"('Kc', 'Ad')",R,BTN,0.05,3,1.0
"('Jh', 'Qh')",F,BTN,0.12,3,0.0
"('Kd', 'Jh')",F,BTN,0.14,3,0.0
"('3h', 'Ah')",R,BTN,0.205,3,1.0
"('Js', 'Qc')",R,BTN,0.195,3,1.0
"('9c', '9d')",R,BTN,0.03,3,1.0
"('Qc', 'Kc')",F,BTN,0.07,3,0.0
"('Tc', 'Qc')",C,BTN,0.15,3,0.0
"('9d', 'Ad')",F,BTN,0.085,3,0.0
"('Ac', 'Jc')",B,BTN,0.055,3,0.0
"('6d', '6h')",R,BTN,0.09,3,1.0
"('6d', '6c')",R,BTN,0.09,3,1.0
"('7c', 'Ah')",F,BTN,0.2,3,0.0
"('Kh', 'Jc')",F,BTN,0.14,3,0.0
"('Qc', '8c')",F,BTN,0.265,3,0.0
"('Jd', 'Ks')",X,BTN,0.14,3,0.0
"('5c', 'Ac')",C,BTN,0.155,3,0.0
"('Qh', 'As')",X,BTN,0.07,3,0.0
"('Js', 'Ad')",R,BTN,0.08,3,1.0
"('Ad', 'Th')",F,BTN,0.105,3,0.0
"('Qc', 'Th')",F,BTN,0.235,3,0.0
"('5s', 'Ad')",F,BTN,0.25,3,0.0
"('Ah', 'Qh')",F,BTN,0.04,3,0.0
"('Qd', 'Jd')",X,BTN,0.12,3,0.0
"('Kc', '5c')",F,BTN,0.265,3,0.0
"('Td', 'Qh')",F,BTN,0.235,3,0.0
"('Ks', 'Kc')",B,BTN,0.01,3,0.0
"('Jd', 'Qc')",R,BTN,0.195,3,1.0
"('Ac', '5s')",R,BTN,0.25,3,1.0
"('Ks', 'Jd')",F,BTN,0.14,3,0.0
"('Kd', '9d')",F,BTN,0.145,3,0.0
"('Jd', 'Ac')",B,BTN,0.08,3,0.0
"('Ah', '9s')",X,BTN,0.145,3,0.0
"('Tc', 'Ad')",F,BTN,0.105,3,0.0
"('8c', 'Ad')",R,BTN,0.165,3,1.0
"('Kd', 'Ad')",R,BTN,0.035,3,1.0
"('8s', '8c')",B,BTN,0.035,3,0.0
"('Jc', 'Ac')",X,BTN,0.055,3,0.0
"('Qc', 'Td')",R,BTN,0.235,3,1.0
"('6h', 'As')",F,BTN,0.255,3,0.0
"('Kd', 'Qd')",C,BTN,0.07,3,0.0
"('Tc', 'Kh')",R,BTN,0.175,3,1.0
"('4c', '4s')",F,BTN,0.23,3,0.0
"('As', 'Jd')",R,BTN,0.08,3,1.0
"('Ah', 'Kc')",C,BTN,0.05,3,0.0
"('Kd', 'Kc')",R,BTN,0.01,3,1.0
"('5h', '5c')",B,BTN,0.145,3,0.0
"('Qc', 'Qs')",C,BTN,0.015,3,0.0
"('Ah', 'Ks')",R,BTN,0.05,3,1.0
"('Kc', '9h')",R,BTN,0.225,3,1.0
"('Kd', 'Kc')",R,BTN,0.01,3,1.0
"('7c', 'Ah')",F,BTN,0.2,3,0.0
"('Ah', '7c')",F,BTN,0.2,3,0.0
"('Kh', '9c')",F,BTN,0.225,3,0.0
"('8c', 'Kc')",B,BTN,0.18,3,0.0
"('Tc', 'Jc')",F,BTN,0.21,3,0.0
"('9c', 'Ks')",B,BTN,0.225,3,0.0
"('Ac', '5d')",F,BTN,0.25,3,0.0
"('As', 'Tc')",F,BTN,0.105,3,0.0
"('6h', 'Kh')",F,BTN,0.24,3,0.0
"('Td', 'Tc')",B,BTN,0.025,3,0.0
"('8c', 'Ah')",F,BTN,0.165,3,0.0
"('Qc', 'Jh')",F,BTN,0.195,3,0.0
"('7h', 'Kh')",F,BTN,0.21,3,0.0
"('Ad', 'Tc')",B,BTN,0.105,3,0.0
"('Ac', 'Qh')",C,BTN,0.07,3,0.0
"('Ah', 'Qc')",B,BTN,0.07,3,0.0
"('Jc', 'Kc')",F,BTN,0.085,3,0.0
"('Ad', '4d')",R,BTN,0.17,3,1.0
"('Ks', '7s')",F,BTN,0.21,3,0.0
"('6c', 'Kc')",F,BTN,0.24,3,0.0
"('Jh', 'Ah')",R,BTN,0.055,3,1.0
"('7h', '7s')",X,BTN,0.055,3,0.0
"('5h', '5d')",F,BTN,0.145,3,0.0
"('Kh', 'Qh')",R,BTN,0.07,3,1.0
"('Tc', 'Qd')",R,BTN,0.235,3,1.0
"('Kd', 'Jd')",R,BTN,0.085,3,1.0
"('Td', 'Th')",R,BTN,0.025,3,1.0
"('Ah', 'Td')",R,BTN,0.105,3,1.0
"('Js', 'Qs')",F,BTN,0.12,3,0.0
"('Ac', 'Qs')",F,BTN,0.07,3,0.0
"('5s', 'As')",R,BTN,0.155,3,1.0
"('Ks', 'Kc')",B,BTN,0.01,3,0.0
"('5c', 'Ac')",R,BTN,0.155,3,1.0
"('Ac', 'Kh')",R,BTN,0.05,3,1.0
"('Ah', '8h')",F,BTN,0.105,3,0.0
"('Qs', '8s')",X,BTN,0.265,3,0.0
"('Qc', 'Kd')",B,BTN,0.115,3,0.0
"('Qh', '8h')",X,BTN,0.265,3,0.0
"('6c', 'As')",F,BTN,0.255,3,0.0
"('9s', '9d')",F,BTN,0.03,3,0.0
"('Td', 'Ac')",R,BTN,0.105,3,1.0
"('Kc', '9h')",F,BTN,0.225,3,0.0
"('Ac', 'Ad')",B,BTN,0.005,3,0.0
"('Ac', 'As')",R,BTN,0.005,3,1.0
"('4h', 'Ah')",R,BTN,0.17,3,1.0
"('Ah', '4h')",F,BTN,0.17,3,0.0
"('9s', 'Ad')",X,BTN,0.145,3,0.0
"('Kh', '9h')",F,BTN,0.145,3,0.0
"('5c', 'Ac')",F,BTN,0.155,3,0.0
"('6d', '6c')",F,BTN,0.09,3,0.0
"('Jh', 'Kc')",F,BTN,0.14,3,0.0
"('Kh', '9s')",F,BTN,0.225,3,0.0
"('8d', 'As')",F,BTN,0.165,3,0.0
"('Kd', 'Ts')",F,BTN,0.175,3,0.0
"('6c', 'As')",R,BTN,0.255,3,1.0
"('Qc', 'Td')",R,BTN,0.235,3,1.0
"('5s', 'Ah')",R,BTN,0.25,3,1.0
"('9s', 'Kh')",F,BTN,0.225,3,0.0
"('Qc', 'Ts')",B,BTN,0.235,3,0.0
"('Ah', 'Kd')",F,BTN,0.05,3,0.0
"('Qs', 'Qd')",F,BTN,0.015,3,0.0
"('Jc', 'Kh')",R,BTN,0.14,3,1.0
"('9h', '9d')",F,BTN,0.03,3,0.0
"('Ks', 'Ac')",F,BTN,0.05,3,0.0
"('Kd', 'Ac')",R,BTN,0.05,3,1.0
"('Kc', 'Jc')",B,BTN,0.085,3,0.0
"('7d', '7s')",F,BTN,0.055,3,0.0
"('6s', 'Ks')",F,BTN,0.24,3,0.0
"('Ac', 'Jd')",R,BTN,0.08,3,1.0
"('Kc', 'Tc')",R,BTN,0.1,3,1.0
"('8h', 'Ac')",F,BTN,0.165,3,0.0
"('Ts', 'Qc')",B,BTN,0.235,3,0.0
"('Ts', 'Qs')",R,BTN,0.15,3,1.0
"('Jh', 'Ah')",F,BTN,0.055,3,0.0
"('Jh', 'Jd')",R,BTN,0.02,3,1.0
"('4h', '4s')",F,BTN,0.23,3,0.0
"('Td', 'Ks')",R,BTN,0.175,3,1.0
"('Tc', 'Jc')",R,BTN,0.21,3,1.0
"('Qs', 'Ad')",R,BTN,0.07,3,1.0
"('Jh', 'Qd')",F,BTN,0.195,3,0.0
"('As', 'Kh')",R,BTN,0.05,3,1.0
"('Ks', '7s')",R,BTN,0.21,3,1.0
"('9d', '9c')",F,BTN,0.03,3,0.0
"('Qh', 'Jc')",R,BTN,0.195,3,1.0
"('Kc', 'Th')",F,BTN,0.175,3,0.0
"('Ks', 'Kd')",R,BTN,0.01,3,1.0
"('Qc', '8c')",X,BTN,0.265,3,0.0
"('Kd', 'Kh')",C,BTN,0.01,3,0.0
"('Ah', '5c')",F,BTN,0.25,3,0.0
"('Jc', 'Qd')",R,BTN,0.195,3,1.0
"('Ad', '2d')",F,BTN,0.215,3,0.0
"('Js', 'Ah')",X,BTN,0.08,3,0.0
"('As', '8s')",F,BTN,0.105,3,0.0
"('Ts', 'Kc')",B,BTN,0.175,3,0.0
"('7d', 'Ah')",R,BTN,0.2,3,1.0
"('As', '7h')",R,BTN,0.2,3,1.0
"('9c', 'Ad')",R,BTN,0.145,3,1.0
"('9d', '9s')",B,BTN,0.03,3,0.0
"('Ks', 'Js')",R,BTN,0.085,3,1.0
"('Ks', '8s')",F,BTN,0.18,3,0.0
"('Qd', 'Kc')",F,BTN,0.115,3,0.0
"('Kc', 'Qh')",F,BTN,0.115,3,0.0
"('Tc', 'Kd')",C,BTN,0.175,3,0.0
"('9d', 'Ac')",R,BTN,0.145,3,1.0
"('Ah', '4h')",X,BTN,0.17,3,0.0
"('Td', 'Ts')",R,BTN,0.025,3,1.0
"('Jd', 'Ac')",R,BTN,0.08,3,1.0
"('8d', '8c')",C,BTN,0.035,3,0.0
"('Ac', 'Js')",F,BTN,0.08,3,0.0
"('Ac', 'Kh')",R,BTN,0.05,3,1.0
"('9h', '9s')",F,BTN,0.03,3,0.0
"('As', '7h')",F,BTN,0.2,3,0.0
"('Jh', 'Jd')",R,BTN,0.02,3,1.0
"('Th', 'Qd')",B,BTN,0.235,3,0.0
"('Jd', 'Kd')",R,BTN,0.085,3,1.0
"('Ks', '5s')",R,BTN,0.265,3,1.0
"('9s', 'Ac')",F,BTN,0.145,3,0.0
"('Td', 'Ah')",X,BTN,0.105,3,0.0
"('9h', 'Kc')",F,BTN,0.225,3,0.0
"('9h', 'Ah')",X,BTN,0.085,3,0.0
"('7c', '7h')",B,BTN,0.055,3,0.0
"('Ad', '9c')",F,BTN,0.145,3,0.0
"('Kc', '9c')",F,BTN,0.145,3,0.0
"('As', '2s')",F,BTN,0.215,3,0.0
"('8s', 'Qs')",R,BTN,0.265,3,1.0
"('7h', 'As')",F,BTN,0.2,3,0.0
"('Ad', '7h')",X,BTN,0.2,3,0.0
"('Qc', 'Ah')",C,BTN,0.07,3,0.0
"('6h', '6d')",B,BTN,0.09,3,0.0
"('Qd', 'Qc')",R,BTN,0.015,3,1.0
"('Kd', '9h')",F,BTN,0.225,3,0.0
"('Kc', '9c')",X,BTN,0.145,3,0.0
"('Td', 'Th')",R,BTN,0.025,3,1.0
"('Ad', '7c')",F,BTN,0.2,3,0.0
"('Kd', 'Jd')",R,BTN,0.085,3,1.0
"('Ac', 'Td')",F,BTN,0.105,3,0.0
"('8d', 'Ad')",C,BTN,0.105,3,0.0
"('Qc', 'Ad')",F,BTN,0.07,3,0.0
"('As', '6h')",F,BTN,0.255,3,0.0
"('9d', 'Ad')",R,BTN,0.085,3,1.0
"('Qd', 'Jc')",F,BTN,0.195,3,0.0
"('8s', 'Ad')",R,BTN,0.165,3,1.0
"('Ah', '9s')",F,BTN,0.145,3,0.0
"('Qc', '9c')",B,BTN,0.185,3,0.0
"('5s', '5d')",X,BTN,0.145,3,0.0
"('5d', 'Ah')",F,BTN,0.25,3,0.0
"('Ah', 'Jc')",F,BTN,0.08,3,0.0
"('Ad', 'Ah')",B,BTN,0.005,3,0.0
"('Qs', 'Kc')",R,BTN,0.115,3,1.0
"('Td', 'Jd')",F,BTN,0.21,3,0.0
"('Jh', 'Ks')",X,BTN,0.14,3,0.0
"('7c', 'As')",X,BTN,0.2,3,0.0
"('Ah', 'Td')",F,BTN,0.105,3,0.0
"('Kc', 'Jh')",R,BTN,0.14,3,1.0
"('Td', 'Qh')",F,BTN,0.235,3,0.0
"('Jd', 'Qc')",R,BTN,0.195,3,1.0
"('Ac', 'Qh')",X,BTN,0.07,3,0.0
"('Jd', 'Js')",R,BTN,0.02,3,1.0
"('Qs', 'Ks')",R,BTN,0.07,3,1.0
"('5c', '5s')",F,BTN,0.145,3,0.0
"('Js', 'Ah')",X,BTN,0.08,3,0.0
"('9c', 'Ah')",R,BTN,0.145,3,1.0
"('As', '8s')",R,BTN,0.105,3,1.0
"('8s', '8d')",F,BTN,0.035,3,0.0
"('Ac', '6d')",R,BTN,0.255,3,1.0
"('Kd', 'As')",C,BTN,0.05,3,0.0
"('Jh', 'Js')",X,BTN,0.02,3,0.0
"('8s', 'Qs')",R,BTN,0.265,3,1.0
"('Ac', 'Tc')",R,BTN,0.06,3,1.0
"('As', 'Td')",R,BTN,0.105,3,1.0
"('Qd', 'Ah')",F,BTN,0.07,3,0.0
"('As', 'Ah')",B,BTN,0.005,3,0.0
"('As', 'Kd')",F,BTN,0.05,3,0.0
"('Ah', '5h')",C,BTN,0.155,3,0.0
"('Jc', 'Jh')",X,BTN,0.02,3,0.0
"('Qc', 'Kh')",R,BTN,0.115,3,1.0
"('Qd', 'Kc')",C,BTN,0.115,3,0.0
"('Qd', 'Ts')",F,BTN,0.235,3,0.0
"('Ad', '9d')",F,BTN,0.085,3,0.0
"('Jh', 'Qs')",F,BTN,0.195,3,0.0
"('Ad', 'Th')",B,BTN,0.105,3,0.0
"('Ac', '5h')",F,BTN,0.25,3,0.0
"('Jc', 'As')",B,BTN,0.08,3,0.0
"('Ah', 'Ks')",F,BTN,0.05,3,0.0
"('9d', '9h')",F,BTN,0.03,3,0.0
"('Ad', 'Kh')",F,BTN,0.05,3,0.0
"('Ah', '6s')",X,BTN,0.255,3,0.0
"('8h', 'Ah')",F,BTN,0.105,3,0.0
"('Ad', '6c')",F,BTN,0.255,3,0.0
"('9s', 'As')",F,BTN,0.085,3,0.0
"('Td', 'Ac')",F,BTN,0.105,3,0.0
"('Ad', '7c')",F,BTN,0.2,3,0.0
"('Ah', 'Kh')",B,BTN,0.035,3,0.0
"('5s', '5h')",R,BTN,0.145,3,1.0
"('Tc', 'Qh')",F,BTN,0.235,3,0.0
"('9c', '9s')",X,BTN,0.03,3,0.0
"('Qd', 'Kh')",B,BTN,0.115,3,0.0
"('6d', 'Ac')",R,BTN,0.255,3,1.0
"('Kd', 'Ks')",B,BTN,0.01,3,0.0
"('As', '4s')",F,BTN,0.17,3,0.0
"('Ac', '7d')",R,BTN,0.2,3,1.0
"('Qc', 'Jd')",F,BTN,0.195,3,0.0
"('7h', 'As')",X,BTN,0.2,3,0.0
"('8s', '8d')",F,BTN,0.035,3,0.0
"('8c', 'As')",F,BTN,0.165,3,0.0
"('Ah', '6s')",F,BTN,0.255,3,0.0
"('Tc', 'Qc')",F,BTN,0.15,3,0.0
"('9d', 'As')",B,BTN,0.145,3,0.0
"('9h', 'Ks')",F,BTN,0.225,3,0.0
"('Kh', 'Kc')",R,BTN,0.01,3,1.0
"('Qd', 'Kd')",R,BTN,0.07,3,1.0
"('Ah', 'Qs')",F,BTN,0.07,3,0.0
"('Kc', 'Qs')",B,BTN,0.115,3,0.0
"('Ad', '7h')",R,BTN,0.2,3,1.0
"('9s', '9c')",R,BTN,0.03,3,1.0
"('8d', 'Ad')",F,BTN,0.105,3,0.0
"('7h', 'Ac')",R,BTN,0.2,3,1.0
"('6c', 'Ah')",F,BTN,0.255,3,0.0
"('9c', '9h')",R,BTN,0.03,3,1.0
"('4h', '4s')",R,BTN,0.23,3,1.0
"('6c', 'Ah')",F,BTN,0.255,3,0.0
"('Qs', 'Ts')",R,BTN,0.15,3,1.0
"('Td', 'Th')",X,BTN,0.025,3,0.0
"('6s', 'As')",X,BTN,0.155,3,0.0
"('Td', 'Qc')",F,BTN,0.235,3,0.0
"('7h', '7c')",X,BTN,0.055,3,0.0
"('Tc', 'Kc')",X,BTN,0.1,3,0.0
"('Ad', 'Td')",F,BTN,0.06,3,0.0
"('Ah', 'Jh')",R,BTN,0.055,3,1.0
"('Ah', '8d')",R,BTN,0.165,3,1.0
"('Ad', '5d')",X,BTN,0.155,3,0.0
"('Ah', 'Td')",B,BTN,0.105,3,0.0
"('Qh', 'Ts')",R,BTN,0.235,3,1.0
"('Ad', 'Ks')",X,BTN,0.05,3,0.0
"('Qs', 'Jd')",F,BTN,0.195,3,0.0
"('Ah', '3h')",F,BTN,0.205,3,0.0
"('Ah', '7c')",F,BTN,0.2,3,0.0
"('Qs', 'Th')",F,BTN,0.235,3,0.0
"('9s', 'Ks')",R,BTN,0.145,3,1.0
"('Ks', 'Kh')",C,BTN,0.01,3,0.0
"('Ac', 'Ts')",F,BTN,0.105,3,0.0
"('5c', 'As')",F,BTN,0.25,3,0.0
"('Jc', 'Qc')",F,BTN,0.12,3,0.0
"('Ts', 'As')",B,BTN,0.06,3,0.0
"('7d', '7c')",R,BTN,0.055,3,1.0
"('Tc', 'Td')",R,BTN,0.025,3,1.0
"('Kd', 'Ah')",C,BTN,0.05,3,0.0
"('Ac', 'Js')",F,BTN,0.08,3,0.0
"('Ad', 'Js')",R,BTN,0.08,3,1.0
"('Ac', '7c')",F,BTN,0.12,3,0.0
"('Qd', 'Qh')",R,BTN,0.015,3,1.0
"('Kc', 'Jc')",B,BTN,0.085,3,0.0
"('8h', 'As')",F,BTN,0.165,3,0.0
"('6d', '6s')",F,BTN,0.09,3,0.0
"('Kd', 'Jd')",B,BTN,0.085,3,0.0
"('Ts', 'Ac')",F,BTN,0.105,3,0.0
"('Qc', '9c')",F,BTN,0.185,3,0.0
"('Kd', '9d')",R,BTN,0.145,3,1.0
"('As', '5c')",X,BTN,0.25,3,0.0
"('9d', '9h')",X,BTN,0.03,3,0.0
"('Qs', 'Tc')",F,BTN,0.235,3,0.0
"('8d', '8s')",X,BTN,0.035,3,0.0
"('Jd', 'Td')",X,BTN,0.21,3,0.0
"('Ks', 'Td')",F,BTN,0.175,3,0.0
"('Kh', 'Jd')",F,BTN,0.14,3,0.0
"('As', 'Ad')",R,BTN,0.005,3,1.0
"('Js', 'Ts')",F,BTN,0.21,3,0.0
"('Ks', 'Ts')",F,BTN,0.1,3,0.0
"('8s', 'Ad')",F,BTN,0.165,3,0.0
"('5d', 'Ad')",C,BTN,0.155,3,0.0
"('5d', '5s')",F,BTN,0.145,3,0.0
"('6c', 'Kc')",C,BTN,0.24,3,0.0
"('Jh', 'Qd')",R,BTN,0.195,3,1.0
"('Qc', 'Qs')",R,BTN,0.015,3,1.0
"('Ac', 'Ks')",R,BTN,0.05,3,1.0
"('Ah', 'Ac')",B,BTN,0.005,3,0.0
"('Ah', 'As')",B,BTN,0.005,3,0.0
"('Ad', '6c')",F,BTN,0.255,3,0.0
"('8s', 'Ac')",C,BTN,0.165,3,0.0
"('7c', 'Ac')",F,BTN,0.12,3,0.0
"('Jc', 'Kc')",R,BTN,0.085,3,1.0
"('Jc', 'Jh')",F,BTN,0.02,3,0.0
"('As', '9c')",F,BTN,0.145,3,0.0
"('Ks', 'Jc')",R,BTN,0.14,3,1.0
"('Kd', 'Qh')",R,BTN,0.115,3,1.0
"('Kh', 'Qc')",R,BTN,0.115,3,1.0
"('5d', 'Ac')",R,BTN,0.25,3,1.0
"('Ad', '5s')",F,BTN,0.25,3,0.0
"('Kc', 'Qs')",R,BTN,0.115,3,1.0
"('3s', 'As')",F,BTN,0.205,3,0.0
"('Ad', '8s')",F,BTN,0.165,3,0.0
"('7c', 'Ad')",F,BTN,0.2,3,0.0
"('Ad', 'Kh')",R,BTN,0.05,3,1.0
"('Ac', '5s')",R,BTN,0.25,3,1.0
"('Qd', 'Ks')",X,BTN,0.115,3,0.0
"('Kh', 'Tc')",F,BTN,0.175,3,0.0
"('Qs', 'Ah')",F,BTN,0.07,3,0.0
"('Ah', '5d')",R,BTN,0.25,3,1.0
"('Tc', 'Jc')",X,BTN,0.21,3,0.0
"('Ac', '7c')",C,BTN,0.12,3,0.0
"('Ks', 'Th')",B,BTN,0.175,3,0.0
"('Ks', 'Qc')",X,BTN,0.115,3,0.0
"('Tc', 'Qc')",R,BTN,0.15,3,1.0
"('9d', 'Kd')",R,BTN,0.145,3,1.0
"('Jh', 'Js')",C,BTN,0.02,3,0.0
"('5h', '5s')",F,BTN,0.145,3,0.0
"('As', 'Ts')",F,BTN,0.06,3,0.0
"('Ah', 'Kc')",R,BTN,0.05,3,1.0
"('8s', 'Qs')",F,BTN,0.265,3,0.0
"('6s', 'Ad')",R,BTN,0.255,3,1.0
"('8s', '8c')",F,BTN,0.035,3,0.0
"('Kd', 'Qd')",R,BTN,0.07,3,1.0
"('5c', 'Ah')",F,BTN,0.25,3,0.0
"('8h', 'Kh')",X,BTN,0.18,3,0.0
"('Jc', 'Jh')",X,BTN,0.02,3,0.0
"('9c', 'Ks')",F,BTN,0.225,3,0.0
"('9s', '9c')",X,BTN,0.03,3,0.0
"('7h', 'Ah')",B,BTN,0.12,3,0.0
"('8h', '8d')",F,BTN,0.035,3,0.0
"('8c', 'Ac')",C,BTN,0.105,3,0.0
"('6d', 'Ad')",F,BTN,0.155,3,0.0
"('9c', 'As')",R,BTN,0.145,3,1.0
"('Th', 'Kd')",F,BTN,0.175,3,0.0
"('7d', 'Ac')",F,BTN,0.2,3,0.0
"('Ac', '8c')",B,BTN,0.105,3,0.0
"('As', '5c')",F,BTN,0.25,3,0.0
"('Qh', 'As')",X,BTN,0.07,3,0.0
"('6d', '6h')",F,BTN,0.09,3,0.0
"('8c', 'Ad')",F,BTN,0.165,3,0.0
"('As', '9d')",X,BTN,0.145,3,0.0
"('As', 'Jh')",X,BTN,0.08,3,0.0
"('Ks', 'Jd')",F,BTN,0.14,3,0.0
"('9h', 'Ac')",R,BTN,0.145,3,1.0
"('Jc', 'Js')",R,BTN,0.02,3,1.0
"('Ad', 'Kd')",R,BTN,0.035,3,1.0
"('Td', 'Qh')",F,BTN,0.235,3,0.0
"('Ah', 'Kh')",B,BTN,0.035,3,0.0
"('Kd', 'Ks')",R,BTN,0.01,3,1.0
"('Ah', '9d')",R,BTN,0.145,3,1.0
"('Kd', 'Jd')",X,BTN,0.085,3,0.0
"('Qs', 'Kd')",F,BTN,0.115,3,0.0
"('As', 'Td')",R,BTN,0.105,3,1.0
"('Jc', 'Qs')",F,BTN,0.195,3,0.0
"('Qs', 'Jd')",F,BTN,0.195,3,0.0
"('6h', '6c')",F,BTN,0.09,3,0.0
"('5d', 'Ac')",F,BTN,0.25,3,0.0
"('2c', 'Ac')",F,BTN,0.215,3,0.0
"('Th', 'Qc')",F,BTN,0.235,3,0.0
"('Ac', 'Jc')",R,BTN,0.055,3,1.0
"('Qc', 'Kh')",F,BTN,0.115,3,0.0
"('Ad', '3d')",F,BTN,0.205,3,0.0
"('6s', '6c')",F,BTN,0.09,3,0.0
"('As', '5h')",F,BTN,0.25,3,0.0
"('8h', 'As')",F,BTN,0.165,3,0.0
"('7h', '7s')",B,BTN,0.055,3,0.0
"('Ah', 'Kh')",R,BTN,0.035,3,1.0
"('Js', 'Kc')",R,BTN,0.14,3,1.0
"('6h', 'Kh')",F,BTN,0.24,3,0.0
"('As', '3s')",F,BTN,0.205,3,0.0
"('Ac', '9h')",F,BTN,0.145,3,0.0
"('Qd', '9d')",C,BTN,0.185,3,0.0
"('Ac', 'Th')",R,BTN,0.105,3,1.0
"('8s', '8d')",X,BTN,0.035,3,0.0
"('5d', 'Ac')",F,BTN,0.25,3,0.0
"('8d', 'Ad')",F,BTN,0.105,3,0.0
"('As', 'Qh')",R,BTN,0.07,3,1.0
"('As', '6c')",F,BTN,0.255,3,0.0
"('5c', '5h')",X,BTN,0.145,3,0.0
"('Ts', 'Qc')",R,BTN,0.235,3,1.0
"('6c', '6d')",F,BTN,0.09,3,0.0
"('Ad', '9c')",R,BTN,0.145,3,1.0
"('Qd', 'Kc')",F,BTN,0.115,3,0.0
"('9h', 'Ac')",F,BTN,0.145,3,0.0
"('As', 'Ad')",B,BTN,0.005,3,0.0
"('As', 'Qd')",R,BTN,0.07,3,1.0
"('4c', '4d')",R,BTN,0.23,3,1.0
"('6d', '6h')",X,BTN,0.09,3,0.0
"('Ah', '5d')",F,BTN,0.25,3,0.0
"('Td', 'Th')",F,BTN,0.025,3,0.0
"('Td', 'Ac')",R,BTN,0.105,3,1.0
"('Ac', 'As')",B,BTN,0.005,3,0.0
"('Kc', 'Kh')",R,BTN,0.01,3,1.0
"('7h', '7d')",R,BTN,0.055,3,1.0
"('Qh', 'Th')",R,BTN,0.15,3,1.0
"('Tc', 'Qh')",X,BTN,0.235,3,0.0
"('8h', 'Ac')",F,BTN,0.165,3,0.0
